event,begin,end
Champions_League,2015-07-29 21:05:00,2015-07-29 22:50:00
Champions_League,2015-08-04 20:15:00,2015-08-04 22:00:00
Champions_League,2015-09-15 20:45:00,2015-09-15 22:30:00
Champions_League,2015-09-30 20:45:00,2015-09-30 22:30:00
Champions_League,2015-10-21 20:45:00,2015-10-21 22:30:00
Champions_League,2015-11-03 20:45:00,2015-11-03 22:30:00
Champions_League,2015-11-25 20:45:00,2015-11-25 22:30:00
Champions_League,2015-12-08 20:45:00,2015-12-08 22:30:00
Champions_League,2016-02-24 20:45:00,2016-02-24 22:30:00
Champions_League,2016-03-15 20:45:00,2016-03-15 22:30:00
Champions_League,2016-07-26 20:45:00,2016-07-26 22:30:00
Champions_League,2016-08-03 20:45:00,2016-08-03 22:30:00
Champions_League,2016-08-16 20:45:00,2016-08-16 22:30:00
Champions_League,2016-08-24 20:45:00,2016-08-24 22:30:00
Champions_League,2016-09-13 20:45:00,2016-09-13 22:30:00
Champions_League,2016-09-13 20:45:00,2016-09-13 22:30:00
Champions_League,2016-09-13 20:45:00,2016-09-13 22:30:00
Champions_League,2016-09-13 20:45:00,2016-09-13 22:30:00
Champions_League,2016-09-13 20:45:00,2016-09-13 22:30:00
Champions_League,2016-09-13 20:45:00,2016-09-13 22:30:00
Champions_League,2016-09-13 20:45:00,2016-09-13 22:30:00
Champions_League,2016-09-14 20:45:00,2016-09-14 22:30:00
Champions_League,2016-09-14 20:45:00,2016-09-14 22:30:00
Champions_League,2016-09-14 20:45:00,2016-09-14 22:30:00
Champions_League,2016-09-14 20:45:00,2016-09-14 22:30:00
Champions_League,2016-09-14 20:45:00,2016-09-14 22:30:00
Champions_League,2016-09-14 20:45:00,2016-09-14 22:30:00
Champions_League,2016-09-14 20:45:00,2016-09-14 22:30:00
Champions_League,2016-09-14 20:45:00,2016-09-14 22:30:00
Champions_League,2016-09-14 20:45:00,2016-09-14 22:30:00
Champions_League,2016-09-27 20:45:00,2016-09-27 22:30:00
Champions_League,2016-09-27 20:45:00,2016-09-27 22:30:00
Champions_League,2016-09-27 20:45:00,2016-09-27 22:30:00
Champions_League,2016-09-27 20:45:00,2016-09-27 22:30:00
Champions_League,2016-09-27 20:45:00,2016-09-27 22:30:00
Champions_League,2016-09-27 20:45:00,2016-09-27 22:30:00
Champions_League,2016-09-27 20:45:00,2016-09-27 22:30:00
Champions_League,2016-09-27 20:45:00,2016-09-27 22:30:00
Champions_League,2016-09-28 20:45:00,2016-09-28 22:30:00
Champions_League,2016-09-28 20:45:00,2016-09-28 22:30:00
Champions_League,2016-09-28 20:45:00,2016-09-28 22:30:00
Champions_League,2016-09-28 20:45:00,2016-09-28 22:30:00
Champions_League,2016-09-28 20:45:00,2016-09-28 22:30:00
Champions_League,2016-09-28 20:45:00,2016-09-28 22:30:00
Champions_League,2016-09-28 20:45:00,2016-09-28 22:30:00
Champions_League,2016-09-28 20:45:00,2016-09-28 22:30:00
Champions_League,2016-10-18 20:45:00,2016-10-18 22:30:00
Champions_League,2016-10-18 20:45:00,2016-10-18 22:30:00
Champions_League,2016-10-18 20:45:00,2016-10-18 22:30:00
Champions_League,2016-10-18 20:45:00,2016-10-18 22:30:00
Champions_League,2016-10-18 20:45:00,2016-10-18 22:30:00
Champions_League,2016-10-18 20:45:00,2016-10-18 22:30:00
Champions_League,2016-10-18 20:45:00,2016-10-18 22:30:00
Champions_League,2016-10-18 20:45:00,2016-10-18 22:30:00
Champions_League,2016-10-19 20:45:00,2016-10-19 22:30:00
Champions_League,2016-10-19 20:45:00,2016-10-19 22:30:00
Champions_League,2016-10-19 20:45:00,2016-10-19 22:30:00
Champions_League,2016-10-19 20:45:00,2016-10-19 22:30:00
Champions_League,2016-10-19 20:45:00,2016-10-19 22:30:00
Champions_League,2016-10-19 20:45:00,2016-10-19 22:30:00
Champions_League,2016-10-19 20:45:00,2016-10-19 22:30:00
Champions_League,2016-10-19 20:45:00,2016-10-19 22:30:00
Champions_League,2016-11-01 18:45:00,2016-11-01 20:30:00
Champions_League,2016-11-01 20:45:00,2016-11-01 22:30:00
Champions_League,2016-11-01 20:45:00,2016-11-01 22:30:00
Champions_League,2016-11-01 20:45:00,2016-11-01 22:30:00
Champions_League,2016-11-01 20:45:00,2016-11-01 22:30:00
Champions_League,2016-11-01 20:45:00,2016-11-01 22:30:00
Champions_League,2016-11-01 20:45:00,2016-11-01 22:30:00
Champions_League,2016-11-01 20:45:00,2016-11-01 22:30:00
Champions_League,2016-11-02 20:45:00,2016-11-02 22:30:00
Champions_League,2016-11-02 20:45:00,2016-11-02 22:30:00
Champions_League,2016-11-02 20:45:00,2016-11-02 22:30:00
Champions_League,2016-11-02 20:45:00,2016-11-02 22:30:00
Champions_League,2016-11-02 20:45:00,2016-11-02 22:30:00
Champions_League,2016-11-02 20:45:00,2016-11-02 22:30:00
Champions_League,2016-11-02 20:45:00,2016-11-02 22:30:00
Champions_League,2016-11-02 20:45:00,2016-11-02 22:30:00
Champions_League,2016-11-22 18:00:00,2016-11-22 19:45:00
Champions_League,2016-11-22 20:45:00,2016-11-22 22:30:00
Champions_League,2016-11-22 20:45:00,2016-11-22 22:30:00
Champions_League,2016-11-22 20:45:00,2016-11-22 22:30:00
Champions_League,2016-11-22 20:45:00,2016-11-22 22:30:00
Champions_League,2016-11-22 20:45:00,2016-11-22 22:30:00
Champions_League,2016-11-22 20:45:00,2016-11-22 22:30:00
Champions_League,2016-11-22 20:45:00,2016-11-22 22:30:00
Champions_League,2016-11-23 18:00:00,2016-11-23 19:45:00
Champions_League,2016-11-23 18:45:00,2016-11-23 20:30:00
Champions_League,2016-11-23 20:45:00,2016-11-23 22:30:00
Champions_League,2016-11-23 20:45:00,2016-11-23 22:30:00
Champions_League,2016-11-23 20:45:00,2016-11-23 22:30:00
Champions_League,2016-11-23 20:45:00,2016-11-23 22:30:00
Champions_League,2016-11-23 20:45:00,2016-11-23 22:30:00
Champions_League,2016-11-23 20:45:00,2016-11-23 22:30:00
Champions_League,2016-12-06 20:45:00,2016-12-06 22:30:00
Champions_League,2016-12-06 20:45:00,2016-12-06 22:30:00
Champions_League,2016-12-06 20:45:00,2016-12-06 22:30:00
Champions_League,2016-12-06 20:45:00,2016-12-06 22:30:00
Champions_League,2016-12-06 20:45:00,2016-12-06 22:30:00
Champions_League,2016-12-06 20:45:00,2016-12-06 22:30:00
Champions_League,2016-12-06 20:45:00,2016-12-06 22:30:00
Champions_League,2016-12-06 20:45:00,2016-12-06 22:30:00
Champions_League,2016-12-07 20:45:00,2016-12-07 22:30:00
Champions_League,2016-12-07 20:45:00,2016-12-07 22:30:00
Champions_League,2016-12-07 20:45:00,2016-12-07 22:30:00
Champions_League,2016-12-07 20:45:00,2016-12-07 22:30:00
Champions_League,2016-12-07 20:45:00,2016-12-07 22:30:00
Champions_League,2016-12-07 20:45:00,2016-12-07 22:30:00
Champions_League,2016-12-07 20:45:00,2016-12-07 22:30:00
Champions_League,2016-12-07 20:45:00,2016-12-07 22:30:00
Champions_League,2017-02-14 20:45:00,2017-02-14 22:30:00
Champions_League,2017-02-14 20:45:00,2017-02-14 22:30:00
Champions_League,2017-02-15 20:45:00,2017-02-15 22:30:00
Champions_League,2017-02-15 20:45:00,2017-02-15 22:30:00
Champions_League,2017-02-21 20:45:00,2017-02-21 22:30:00
Champions_League,2017-02-21 20:45:00,2017-02-21 22:30:00
Champions_League,2017-02-22 20:45:00,2017-02-22 22:30:00
Champions_League,2017-02-22 20:45:00,2017-02-22 22:30:00
Champions_League,2017-03-07 20:45:00,2017-03-07 22:30:00
Champions_League,2017-03-07 20:45:00,2017-03-07 22:30:00
Champions_League,2017-03-08 20:45:00,2017-03-08 22:30:00
Champions_League,2017-03-08 20:45:00,2017-03-08 22:30:00
Champions_League,2017-03-14 20:45:00,2017-03-14 22:30:00
Champions_League,2017-03-14 20:45:00,2017-03-14 22:30:00
Champions_League,2017-03-15 20:45:00,2017-03-15 22:30:00
Champions_League,2017-03-15 20:45:00,2017-03-15 22:30:00
Champions_League,2017-04-11 20:45:00,2017-04-11 22:30:00
Champions_League,2017-04-12 18:45:00,2017-04-12 20:30:00
Champions_League,2017-04-12 20:45:00,2017-04-12 22:30:00
Champions_League,2017-04-12 20:45:00,2017-04-12 22:30:00
Champions_League,2017-04-18 20:45:00,2017-04-18 22:30:00
Champions_League,2017-04-18 20:45:00,2017-04-18 22:30:00
Champions_League,2017-04-19 20:45:00,2017-04-19 22:30:00
Champions_League,2017-04-19 20:45:00,2017-04-19 22:30:00
Champions_League,2017-05-02 20:45:00,2017-05-02 22:30:00
Champions_League,2017-05-03 20:45:00,2017-05-03 22:30:00
Champions_League,2017-05-09 20:45:00,2017-05-09 22:30:00
Champions_League,2017-05-10 20:45:00,2017-05-10 22:30:00
Champions_League,2017-06-03 20:45:00,2017-06-03 22:30:00
Champions_League,2017-06-27 18:00:00,2017-06-27 19:45:00
Champions_League,2017-06-27 20:00:00,2017-06-27 21:45:00
Champions_League,2017-06-27 20:00:00,2017-06-27 21:45:00
Champions_League,2017-06-27 20:00:00,2017-06-27 21:45:00
Champions_League,2017-06-28 20:45:00,2017-06-28 22:30:00
Champions_League,2017-07-04 18:00:00,2017-07-04 19:45:00
Champions_League,2017-07-04 18:00:00,2017-07-04 19:45:00
Champions_League,2017-07-04 19:30:00,2017-07-04 21:15:00
Champions_League,2017-07-04 20:30:00,2017-07-04 22:15:00
Champions_League,2017-07-04 20:30:00,2017-07-04 22:15:00
Champions_League,2017-07-11 19:00:00,2017-07-11 20:45:00
Champions_League,2017-07-11 20:30:00,2017-07-11 22:15:00
Champions_League,2017-07-11 20:45:00,2017-07-11 22:30:00
Champions_League,2017-07-11 20:45:00,2017-07-11 22:30:00
Champions_League,2017-07-12 18:00:00,2017-07-12 19:45:00
Champions_League,2017-07-12 19:00:00,2017-07-12 20:45:00
Champions_League,2017-07-12 19:00:00,2017-07-12 20:45:00
Champions_League,2017-07-12 19:00:00,2017-07-12 20:45:00
Champions_League,2017-07-12 19:00:00,2017-07-12 20:45:00
Champions_League,2017-07-12 19:00:00,2017-07-12 20:45:00
Champions_League,2017-07-12 19:30:00,2017-07-12 21:15:00
Champions_League,2017-07-12 20:00:00,2017-07-12 21:45:00
Champions_League,2017-07-12 20:00:00,2017-07-12 21:45:00
Champions_League,2017-07-12 20:15:00,2017-07-12 22:00:00
Champions_League,2017-07-12 20:45:00,2017-07-12 22:30:00
Champions_League,2017-07-12 21:15:00,2017-07-12 23:00:00
Champions_League,2017-07-14 18:00:00,2017-07-14 19:45:00
Champions_League,2017-07-18 16:00:00,2017-07-18 17:45:00
Champions_League,2017-07-18 18:00:00,2017-07-18 19:45:00
Champions_League,2017-07-18 18:00:00,2017-07-18 19:45:00
Champions_League,2017-07-18 19:00:00,2017-07-18 20:45:00
Champions_League,2017-07-18 20:00:00,2017-07-18 21:45:00
Champions_League,2017-07-18 20:00:00,2017-07-18 21:45:00
Champions_League,2017-07-18 20:45:00,2017-07-18 22:30:00
Champions_League,2017-07-19 18:00:00,2017-07-19 19:45:00
Champions_League,2017-07-19 19:15:00,2017-07-19 21:00:00
Champions_League,2017-07-19 19:30:00,2017-07-19 21:15:00
Champions_League,2017-07-19 19:30:00,2017-07-19 21:15:00
Champions_League,2017-07-19 20:00:00,2017-07-19 21:45:00
Champions_League,2017-07-19 20:15:00,2017-07-19 22:00:00
Champions_League,2017-07-19 20:30:00,2017-07-19 22:15:00
Champions_League,2017-07-19 20:45:00,2017-07-19 22:30:00
Champions_League,2017-07-19 20:45:00,2017-07-19 22:30:00
Champions_League,2017-07-19 21:15:00,2017-07-19 23:00:00
Champions_League,2017-07-25 19:00:00,2017-07-25 20:45:00
Champions_League,2017-07-25 19:00:00,2017-07-25 20:45:00
Champions_League,2017-07-25 19:30:00,2017-07-25 21:15:00
Champions_League,2017-07-25 19:30:00,2017-07-25 21:15:00
Champions_League,2017-07-25 20:00:00,2017-07-25 21:45:00
Champions_League,2017-07-25 20:45:00,2017-07-25 22:30:00
Champions_League,2017-07-26 16:00:00,2017-07-26 17:45:00
Champions_League,2017-07-26 18:30:00,2017-07-26 20:15:00
Champions_League,2017-07-26 18:45:00,2017-07-26 20:30:00
Champions_League,2017-07-26 19:00:00,2017-07-26 20:45:00
Champions_League,2017-07-26 20:00:00,2017-07-26 21:45:00
Champions_League,2017-07-26 20:20:00,2017-07-26 22:05:00
Champions_League,2017-07-26 20:45:00,2017-07-26 22:30:00
Champions_League,2017-07-26 20:45:00,2017-07-26 22:30:00
Champions_League,2017-07-26 21:00:00,2017-07-26 22:45:00
Champions_League,2017-08-01 19:00:00,2017-08-01 20:45:00
Champions_League,2017-08-02 19:00:00,2017-08-02 20:45:00
Champions_League,2017-08-02 19:00:00,2017-08-02 20:45:00
Champions_League,2017-08-02 19:00:00,2017-08-02 20:45:00
Champions_League,2017-08-02 19:45:00,2017-08-02 21:30:00
Champions_League,2017-08-02 20:00:00,2017-08-02 21:45:00
Champions_League,2017-08-02 20:15:00,2017-08-02 22:00:00
Champions_League,2017-08-02 20:15:00,2017-08-02 22:00:00
Champions_League,2017-08-02 20:30:00,2017-08-02 22:15:00
Champions_League,2017-08-02 20:30:00,2017-08-02 22:15:00
Champions_League,2017-08-02 20:45:00,2017-08-02 22:30:00
Champions_League,2017-08-02 20:45:00,2017-08-02 22:30:00
Champions_League,2017-08-02 20:45:00,2017-08-02 22:30:00
Champions_League,2017-08-02 20:45:00,2017-08-02 22:30:00
Champions_League,2017-08-02 20:45:00,2017-08-02 22:30:00
Champions_League,2017-08-15 18:00:00,2017-08-15 19:45:00
Champions_League,2017-08-15 20:45:00,2017-08-15 22:30:00
Champions_League,2017-08-15 20:45:00,2017-08-15 22:30:00
Champions_League,2017-08-15 20:45:00,2017-08-15 22:30:00
Champions_League,2017-08-15 20:45:00,2017-08-15 22:30:00
Champions_League,2017-08-16 20:45:00,2017-08-16 22:30:00
Champions_League,2017-08-16 20:45:00,2017-08-16 22:30:00
Champions_League,2017-08-16 20:45:00,2017-08-16 22:30:00
Champions_League,2017-08-16 20:45:00,2017-08-16 22:30:00
Champions_League,2017-08-16 20:45:00,2017-08-16 22:30:00
Champions_League,2017-08-22 17:30:00,2017-08-22 19:15:00
Champions_League,2017-08-22 20:45:00,2017-08-22 22:30:00
Champions_League,2017-08-22 20:45:00,2017-08-22 22:30:00
Champions_League,2017-08-22 20:45:00,2017-08-22 22:30:00
Champions_League,2017-08-22 20:45:00,2017-08-22 22:30:00
Champions_League,2017-08-23 20:45:00,2017-08-23 22:30:00
Champions_League,2017-08-23 20:45:00,2017-08-23 22:30:00
Champions_League,2017-08-23 20:45:00,2017-08-23 22:30:00
Champions_League,2017-08-23 20:45:00,2017-08-23 22:30:00
Champions_League,2017-08-23 20:45:00,2017-08-23 22:30:00
Champions_League,2017-09-12 20:45:00,2017-09-12 22:30:00
Champions_League,2017-09-12 20:45:00,2017-09-12 22:30:00
Champions_League,2017-09-12 20:45:00,2017-09-12 22:30:00
Champions_League,2017-09-12 20:45:00,2017-09-12 22:30:00
Champions_League,2017-09-12 20:45:00,2017-09-12 22:30:00
Champions_League,2017-09-12 20:45:00,2017-09-12 22:30:00
Champions_League,2017-09-12 20:45:00,2017-09-12 22:30:00
Champions_League,2017-09-12 20:45:00,2017-09-12 22:30:00
Champions_League,2017-09-13 20:45:00,2017-09-13 22:30:00
Champions_League,2017-09-13 20:45:00,2017-09-13 22:30:00
Champions_League,2017-09-13 20:45:00,2017-09-13 22:30:00
Champions_League,2017-09-13 20:45:00,2017-09-13 22:30:00
Champions_League,2017-09-13 20:45:00,2017-09-13 22:30:00
Champions_League,2017-09-13 20:45:00,2017-09-13 22:30:00
Champions_League,2017-09-13 20:45:00,2017-09-13 22:30:00
Champions_League,2017-09-13 20:45:00,2017-09-13 22:30:00
Champions_League,2017-09-26 20:45:00,2017-09-26 22:30:00
Champions_League,2017-09-26 20:45:00,2017-09-26 22:30:00
Champions_League,2017-09-26 20:45:00,2017-09-26 22:30:00
Champions_League,2017-09-26 20:45:00,2017-09-26 22:30:00
Champions_League,2017-09-26 20:45:00,2017-09-26 22:30:00
Champions_League,2017-09-26 20:45:00,2017-09-26 22:30:00
Champions_League,2017-09-26 20:45:00,2017-09-26 22:30:00
Champions_League,2017-09-26 20:45:00,2017-09-26 22:30:00
Champions_League,2017-09-27 18:00:00,2017-09-27 19:45:00
Champions_League,2017-09-27 20:45:00,2017-09-27 22:30:00
Champions_League,2017-09-27 20:45:00,2017-09-27 22:30:00
Champions_League,2017-09-27 20:45:00,2017-09-27 22:30:00
Champions_League,2017-09-27 20:45:00,2017-09-27 22:30:00
Champions_League,2017-09-27 20:45:00,2017-09-27 22:30:00
Champions_League,2017-09-27 20:45:00,2017-09-27 22:30:00
Champions_League,2017-09-27 20:45:00,2017-09-27 22:30:00
Champions_League,2017-10-17 20:45:00,2017-10-17 22:30:00
Champions_League,2017-10-17 20:45:00,2017-10-17 22:30:00
Champions_League,2017-10-17 20:45:00,2017-10-17 22:30:00
Champions_League,2017-10-17 20:45:00,2017-10-17 22:30:00
Champions_League,2017-10-17 20:45:00,2017-10-17 22:30:00
Champions_League,2017-10-17 20:45:00,2017-10-17 22:30:00
Champions_League,2017-10-17 20:45:00,2017-10-17 22:30:00
Champions_League,2017-10-17 20:45:00,2017-10-17 22:30:00
Champions_League,2017-10-18 18:00:00,2017-10-18 19:45:00
Champions_League,2017-10-18 20:45:00,2017-10-18 22:30:00
Champions_League,2017-10-18 20:45:00,2017-10-18 22:30:00
Champions_League,2017-10-18 20:45:00,2017-10-18 22:30:00
Champions_League,2017-10-18 20:45:00,2017-10-18 22:30:00
Champions_League,2017-10-18 20:45:00,2017-10-18 22:30:00
Champions_League,2017-10-18 20:45:00,2017-10-18 22:30:00
Champions_League,2017-10-18 20:45:00,2017-10-18 22:30:00
Champions_League,2017-10-31 20:45:00,2017-10-31 22:30:00
Champions_League,2017-10-31 20:45:00,2017-10-31 22:30:00
Champions_League,2017-10-31 20:45:00,2017-10-31 22:30:00
Champions_League,2017-10-31 20:45:00,2017-10-31 22:30:00
Champions_League,2017-10-31 20:45:00,2017-10-31 22:30:00
Champions_League,2017-10-31 20:45:00,2017-10-31 22:30:00
Champions_League,2017-10-31 20:45:00,2017-10-31 22:30:00
Champions_League,2017-10-31 20:45:00,2017-10-31 22:30:00
Champions_League,2017-11-01 18:00:00,2017-11-01 19:45:00
Champions_League,2017-11-01 20:45:00,2017-11-01 22:30:00
Champions_League,2017-11-01 20:45:00,2017-11-01 22:30:00
Champions_League,2017-11-01 20:45:00,2017-11-01 22:30:00
Champions_League,2017-11-01 20:45:00,2017-11-01 22:30:00
Champions_League,2017-11-01 20:45:00,2017-11-01 22:30:00
Champions_League,2017-11-01 20:45:00,2017-11-01 22:30:00
Champions_League,2017-11-01 20:45:00,2017-11-01 22:30:00
Champions_League,2017-11-21 18:00:00,2017-11-21 19:45:00
Champions_League,2017-11-21 18:00:00,2017-11-21 19:45:00
Champions_League,2017-11-21 20:45:00,2017-11-21 22:30:00
Champions_League,2017-11-21 20:45:00,2017-11-21 22:30:00
Champions_League,2017-11-21 20:45:00,2017-11-21 22:30:00
Champions_League,2017-11-21 20:45:00,2017-11-21 22:30:00
Champions_League,2017-11-21 20:45:00,2017-11-21 22:30:00
Champions_League,2017-11-21 20:45:00,2017-11-21 22:30:00
Champions_League,2017-11-22 18:00:00,2017-11-22 19:45:00
Champions_League,2017-11-22 18:00:00,2017-11-22 19:45:00
Champions_League,2017-11-22 20:45:00,2017-11-22 22:30:00
Champions_League,2017-11-22 20:45:00,2017-11-22 22:30:00
Champions_League,2017-11-22 20:45:00,2017-11-22 22:30:00
Champions_League,2017-11-22 20:45:00,2017-11-22 22:30:00
Champions_League,2017-11-22 20:45:00,2017-11-22 22:30:00
Champions_League,2017-11-22 20:45:00,2017-11-22 22:30:00
Champions_League,2017-12-05 20:45:00,2017-12-05 22:30:00
Champions_League,2017-12-05 20:45:00,2017-12-05 22:30:00
Champions_League,2017-12-05 20:45:00,2017-12-05 22:30:00
Champions_League,2017-12-05 20:45:00,2017-12-05 22:30:00
Champions_League,2017-12-05 20:45:00,2017-12-05 22:30:00
Champions_League,2017-12-05 20:45:00,2017-12-05 22:30:00
Champions_League,2017-12-05 20:45:00,2017-12-05 22:30:00
Champions_League,2017-12-05 20:45:00,2017-12-05 22:30:00
Champions_League,2017-12-06 20:45:00,2017-12-06 22:30:00
Champions_League,2017-12-06 20:45:00,2017-12-06 22:30:00
Champions_League,2017-12-06 20:45:00,2017-12-06 22:30:00
Champions_League,2017-12-06 20:45:00,2017-12-06 22:30:00
Champions_League,2017-12-06 20:45:00,2017-12-06 22:30:00
Champions_League,2017-12-06 20:45:00,2017-12-06 22:30:00
Champions_League,2017-12-06 20:45:00,2017-12-06 22:30:00
Champions_League,2017-12-06 20:45:00,2017-12-06 22:30:00
Champions_League,2018-02-13 20:45:00,2018-02-13 22:30:00
Champions_League,2018-02-13 20:45:00,2018-02-13 22:30:00
Champions_League,2018-02-14 20:45:00,2018-02-14 22:30:00
Champions_League,2018-02-14 20:45:00,2018-02-14 22:30:00
Champions_League,2018-02-20 20:45:00,2018-02-20 22:30:00
Champions_League,2018-02-20 20:45:00,2018-02-20 22:30:00
Champions_League,2018-02-21 20:45:00,2018-02-21 22:30:00
Champions_League,2018-02-21 20:45:00,2018-02-21 22:30:00
Champions_League,2018-03-06 20:45:00,2018-03-06 22:30:00
Champions_League,2018-03-06 20:45:00,2018-03-06 22:30:00
Champions_League,2018-03-07 20:45:00,2018-03-07 22:30:00
Champions_League,2018-03-07 20:45:00,2018-03-07 22:30:00
Champions_League,2018-03-13 20:45:00,2018-03-13 22:30:00
Champions_League,2018-03-13 20:45:00,2018-03-13 22:30:00
Champions_League,2018-03-14 18:00:00,2018-03-14 19:45:00
Champions_League,2018-03-14 20:45:00,2018-03-14 22:30:00
Champions_League,2018-04-03 20:45:00,2018-04-03 22:30:00
Champions_League,2018-04-03 20:45:00,2018-04-03 22:30:00
Champions_League,2018-04-04 20:45:00,2018-04-04 22:30:00
Champions_League,2018-04-04 20:45:00,2018-04-04 22:30:00
Champions_League,2018-04-10 20:45:00,2018-04-10 22:30:00
Champions_League,2018-04-10 20:45:00,2018-04-10 22:30:00
Champions_League,2018-04-11 20:45:00,2018-04-11 22:30:00
Champions_League,2018-04-11 20:45:00,2018-04-11 22:30:00
Champions_League,2018-04-24 20:45:00,2018-04-24 22:30:00
Champions_League,2018-04-25 20:45:00,2018-04-25 22:30:00
Champions_League,2018-05-01 20:45:00,2018-05-01 22:30:00
Champions_League,2018-05-02 20:45:00,2018-05-02 22:30:00
Champions_League,2018-05-26 20:45:00,2018-05-26 22:30:00
Champions_League,2018-07-10 17:30:00,2018-07-10 19:15:00
Champions_League,2018-07-10 17:30:00,2018-07-10 19:15:00
Champions_League,2018-07-10 18:00:00,2018-07-10 19:45:00
Champions_League,2018-07-10 18:00:00,2018-07-10 19:45:00
Champions_League,2018-07-10 20:00:00,2018-07-10 21:45:00
Champions_League,2018-07-10 20:15:00,2018-07-10 22:00:00
Champions_League,2018-07-10 20:45:00,2018-07-10 22:30:00
Champions_League,2018-07-10 20:45:00,2018-07-10 22:30:00
Champions_League,2018-07-11 16:00:00,2018-07-11 17:45:00
Champions_League,2018-07-11 18:00:00,2018-07-11 19:45:00
Champions_League,2018-07-11 18:00:00,2018-07-11 19:45:00
Champions_League,2018-07-11 18:00:00,2018-07-11 19:45:00
Champions_League,2018-07-11 19:00:00,2018-07-11 20:45:00
Champions_League,2018-07-11 19:00:00,2018-07-11 20:45:00
Champions_League,2018-07-11 20:00:00,2018-07-11 21:45:00
Champions_League,2018-07-11 22:00:00,2018-07-11 23:45:00
Champions_League,2018-07-17 18:00:00,2018-07-17 19:45:00
Champions_League,2018-07-17 18:00:00,2018-07-17 19:45:00
Champions_League,2018-07-17 19:00:00,2018-07-17 20:45:00
Champions_League,2018-07-17 19:00:00,2018-07-17 20:45:00
Champions_League,2018-07-17 19:00:00,2018-07-17 20:45:00
Champions_League,2018-07-17 20:00:00,2018-07-17 21:45:00
Champions_League,2018-07-17 20:15:00,2018-07-17 22:00:00
Champions_League,2018-07-17 20:30:00,2018-07-17 22:15:00
Champions_League,2018-07-17 20:45:00,2018-07-17 22:30:00
Champions_League,2018-07-17 21:00:00,2018-07-17 22:45:00
Champions_League,2018-07-18 19:00:00,2018-07-18 20:45:00
Champions_League,2018-07-18 19:00:00,2018-07-18 20:45:00
Champions_League,2018-07-18 19:00:00,2018-07-18 20:45:00
Champions_League,2018-07-18 19:45:00,2018-07-18 21:30:00
Champions_League,2018-07-18 20:00:00,2018-07-18 21:45:00
Champions_League,2018-07-18 20:45:00,2018-07-18 22:30:00
Champions_League,2018-07-24 16:00:00,2018-07-24 17:45:00
Champions_League,2018-07-24 18:00:00,2018-07-24 19:45:00
Champions_League,2018-07-24 19:30:00,2018-07-24 21:15:00
Champions_League,2018-07-24 20:00:00,2018-07-24 21:45:00
Champions_League,2018-07-24 20:15:00,2018-07-24 22:00:00
Champions_League,2018-07-24 20:30:00,2018-07-24 22:15:00
Champions_League,2018-07-24 21:00:00,2018-07-24 22:45:00
Champions_League,2018-07-25 19:00:00,2018-07-25 20:45:00
Champions_League,2018-07-25 19:00:00,2018-07-25 20:45:00
Champions_League,2018-07-25 19:00:00,2018-07-25 20:45:00
Champions_League,2018-07-25 20:30:00,2018-07-25 22:15:00
Champions_League,2018-07-25 20:45:00,2018-07-25 22:30:00
Champions_League,2018-07-31 19:00:00,2018-07-31 20:45:00
Champions_League,2018-07-31 19:00:00,2018-07-31 20:45:00
Champions_League,2018-07-31 20:30:00,2018-07-31 22:15:00
Champions_League,2018-08-01 18:00:00,2018-08-01 19:45:00
Champions_League,2018-08-01 19:00:00,2018-08-01 20:45:00
Champions_League,2018-08-01 19:00:00,2018-08-01 20:45:00
Champions_League,2018-08-01 19:00:00,2018-08-01 20:45:00
Champions_League,2018-08-01 19:30:00,2018-08-01 21:15:00
Champions_League,2018-08-01 20:00:00,2018-08-01 21:45:00
Champions_League,2018-08-01 20:00:00,2018-08-01 21:45:00
Champions_League,2018-08-01 20:30:00,2018-08-01 22:15:00
Champions_League,2018-08-01 20:45:00,2018-08-01 22:30:00
Champions_League,2018-08-07 16:00:00,2018-08-07 17:45:00
Champions_League,2018-08-07 19:00:00,2018-08-07 20:45:00
Champions_League,2018-08-07 19:15:00,2018-08-07 21:00:00
Champions_League,2018-08-07 19:30:00,2018-08-07 21:15:00
Champions_League,2018-08-07 20:00:00,2018-08-07 21:45:00
Champions_League,2018-08-07 20:30:00,2018-08-07 22:15:00
Champions_League,2018-08-07 21:00:00,2018-08-07 22:45:00
Champions_League,2018-08-08 19:00:00,2018-08-08 20:45:00
Champions_League,2018-08-08 19:00:00,2018-08-08 20:45:00
Champions_League,2018-08-08 20:45:00,2018-08-08 22:30:00
Champions_League,2018-08-14 18:30:00,2018-08-14 20:15:00
Champions_League,2018-08-14 19:00:00,2018-08-14 20:45:00
Champions_League,2018-08-14 19:30:00,2018-08-14 21:15:00
Champions_League,2018-08-14 20:00:00,2018-08-14 21:45:00
Champions_League,2018-08-14 20:00:00,2018-08-14 21:45:00
Champions_League,2018-08-14 20:00:00,2018-08-14 21:45:00
Champions_League,2018-08-14 20:00:00,2018-08-14 21:45:00
Champions_League,2018-08-14 20:15:00,2018-08-14 22:00:00
Champions_League,2018-08-14 20:30:00,2018-08-14 22:15:00
Champions_League,2018-08-14 20:30:00,2018-08-14 22:15:00
Champions_League,2018-08-21 21:00:00,2018-08-21 22:45:00
Champions_League,2018-08-21 21:00:00,2018-08-21 22:45:00
Champions_League,2018-08-21 21:00:00,2018-08-21 22:45:00
Champions_League,2018-08-22 21:00:00,2018-08-22 22:45:00
Champions_League,2018-08-22 21:00:00,2018-08-22 22:45:00
Champions_League,2018-08-22 21:00:00,2018-08-22 22:45:00
Champions_League,2018-08-28 21:00:00,2018-08-28 22:45:00
Champions_League,2018-08-28 21:00:00,2018-08-28 22:45:00
Champions_League,2018-08-28 21:00:00,2018-08-28 22:45:00
Champions_League,2018-08-29 21:00:00,2018-08-29 22:45:00
Champions_League,2018-08-29 21:00:00,2018-08-29 22:45:00
Champions_League,2018-08-29 21:00:00,2018-08-29 22:45:00
Champions_League,2018-09-18 18:55:00,2018-09-18 20:40:00
Champions_League,2018-09-18 18:55:00,2018-09-18 20:40:00
Champions_League,2018-09-18 21:00:00,2018-09-18 22:45:00
Champions_League,2018-09-18 21:00:00,2018-09-18 22:45:00
Champions_League,2018-09-18 21:00:00,2018-09-18 22:45:00
Champions_League,2018-09-18 21:00:00,2018-09-18 22:45:00
Champions_League,2018-09-18 21:00:00,2018-09-18 22:45:00
Champions_League,2018-09-18 21:00:00,2018-09-18 22:45:00
Champions_League,2018-09-19 18:55:00,2018-09-19 20:40:00
Champions_League,2018-09-19 18:55:00,2018-09-19 20:40:00
Champions_League,2018-09-19 21:00:00,2018-09-19 22:45:00
Champions_League,2018-09-19 21:00:00,2018-09-19 22:45:00
Champions_League,2018-09-19 21:00:00,2018-09-19 22:45:00
Champions_League,2018-09-19 21:00:00,2018-09-19 22:45:00
Champions_League,2018-09-19 21:00:00,2018-09-19 22:45:00
Champions_League,2018-09-19 21:00:00,2018-09-19 22:45:00
Champions_League,2018-10-02 18:55:00,2018-10-02 20:40:00
Champions_League,2018-10-02 18:55:00,2018-10-02 20:40:00
Champions_League,2018-10-02 21:00:00,2018-10-02 22:45:00
Champions_League,2018-10-02 21:00:00,2018-10-02 22:45:00
Champions_League,2018-10-02 21:00:00,2018-10-02 22:45:00
Champions_League,2018-10-02 21:00:00,2018-10-02 22:45:00
Champions_League,2018-10-02 21:00:00,2018-10-02 22:45:00
Champions_League,2018-10-02 21:00:00,2018-10-02 22:45:00
Champions_League,2018-10-03 18:55:00,2018-10-03 20:40:00
Champions_League,2018-10-03 18:55:00,2018-10-03 20:40:00
Champions_League,2018-10-03 21:00:00,2018-10-03 22:45:00
Champions_League,2018-10-03 21:00:00,2018-10-03 22:45:00
Champions_League,2018-10-03 21:00:00,2018-10-03 22:45:00
Champions_League,2018-10-03 21:00:00,2018-10-03 22:45:00
Champions_League,2018-10-03 21:00:00,2018-10-03 22:45:00
Champions_League,2018-10-03 21:00:00,2018-10-03 22:45:00
Champions_League,2018-10-23 18:55:00,2018-10-23 20:40:00
Champions_League,2018-10-23 18:55:00,2018-10-23 20:40:00
Champions_League,2018-10-23 21:00:00,2018-10-23 22:45:00
Champions_League,2018-10-23 21:00:00,2018-10-23 22:45:00
Champions_League,2018-10-23 21:00:00,2018-10-23 22:45:00
Champions_League,2018-10-23 21:00:00,2018-10-23 22:45:00
Champions_League,2018-10-23 21:00:00,2018-10-23 22:45:00
Champions_League,2018-10-23 21:00:00,2018-10-23 22:45:00
Champions_League,2018-10-24 18:55:00,2018-10-24 20:40:00
Champions_League,2018-10-24 18:55:00,2018-10-24 20:40:00
Champions_League,2018-10-24 21:00:00,2018-10-24 22:45:00
Champions_League,2018-10-24 21:00:00,2018-10-24 22:45:00
Champions_League,2018-10-24 21:00:00,2018-10-24 22:45:00
Champions_League,2018-10-24 21:00:00,2018-10-24 22:45:00
Champions_League,2018-10-24 21:00:00,2018-10-24 22:45:00
Champions_League,2018-10-24 21:00:00,2018-10-24 22:45:00
Champions_League,2018-11-06 18:55:00,2018-11-06 20:40:00
Champions_League,2018-11-06 18:55:00,2018-11-06 20:40:00
Champions_League,2018-11-06 21:00:00,2018-11-06 22:45:00
Champions_League,2018-11-06 21:00:00,2018-11-06 22:45:00
Champions_League,2018-11-06 21:00:00,2018-11-06 22:45:00
Champions_League,2018-11-06 21:00:00,2018-11-06 22:45:00
Champions_League,2018-11-06 21:00:00,2018-11-06 22:45:00
Champions_League,2018-11-06 21:00:00,2018-11-06 22:45:00
Champions_League,2018-11-07 18:55:00,2018-11-07 20:40:00
Champions_League,2018-11-07 18:55:00,2018-11-07 20:40:00
Champions_League,2018-11-07 21:00:00,2018-11-07 22:45:00
Champions_League,2018-11-07 21:00:00,2018-11-07 22:45:00
Champions_League,2018-11-07 21:00:00,2018-11-07 22:45:00
Champions_League,2018-11-07 21:00:00,2018-11-07 22:45:00
Champions_League,2018-11-07 21:00:00,2018-11-07 22:45:00
Champions_League,2018-11-07 21:00:00,2018-11-07 22:45:00
Champions_League,2018-11-27 18:55:00,2018-11-27 20:40:00
Champions_League,2018-11-27 18:55:00,2018-11-27 20:40:00
Champions_League,2018-11-27 21:00:00,2018-11-27 22:45:00
Champions_League,2018-11-27 21:00:00,2018-11-27 22:45:00
Champions_League,2018-11-27 21:00:00,2018-11-27 22:45:00
Champions_League,2018-11-27 21:00:00,2018-11-27 22:45:00
Champions_League,2018-11-27 21:00:00,2018-11-27 22:45:00
Champions_League,2018-11-27 21:00:00,2018-11-27 22:45:00
Champions_League,2018-11-28 18:55:00,2018-11-28 20:40:00
Champions_League,2018-11-28 18:55:00,2018-11-28 20:40:00
Champions_League,2018-11-28 21:00:00,2018-11-28 22:45:00
Champions_League,2018-11-28 21:00:00,2018-11-28 22:45:00
Champions_League,2018-11-28 21:00:00,2018-11-28 22:45:00
Champions_League,2018-11-28 21:00:00,2018-11-28 22:45:00
Champions_League,2018-11-28 21:00:00,2018-11-28 22:45:00
Champions_League,2018-11-28 21:00:00,2018-11-28 22:45:00
Champions_League,2018-12-11 18:55:00,2018-12-11 20:40:00
Champions_League,2018-12-11 18:55:00,2018-12-11 20:40:00
Champions_League,2018-12-11 21:00:00,2018-12-11 22:45:00
Champions_League,2018-12-11 21:00:00,2018-12-11 22:45:00
Champions_League,2018-12-11 21:00:00,2018-12-11 22:45:00
Champions_League,2018-12-11 21:00:00,2018-12-11 22:45:00
Champions_League,2018-12-11 21:00:00,2018-12-11 22:45:00
Champions_League,2018-12-11 21:00:00,2018-12-11 22:45:00
Champions_League,2018-12-12 18:55:00,2018-12-12 20:40:00
Champions_League,2018-12-12 18:55:00,2018-12-12 20:40:00
Champions_League,2018-12-12 21:00:00,2018-12-12 22:45:00
Champions_League,2018-12-12 21:00:00,2018-12-12 22:45:00
Champions_League,2018-12-12 21:00:00,2018-12-12 22:45:00
Champions_League,2018-12-12 21:00:00,2018-12-12 22:45:00
Champions_League,2018-12-12 21:00:00,2018-12-12 22:45:00
Champions_League,2018-12-12 21:00:00,2018-12-12 22:45:00
Champions_League,2019-02-12 21:00:00,2019-02-12 22:45:00
Champions_League,2019-02-12 21:00:00,2019-02-12 22:45:00
Champions_League,2019-02-13 21:00:00,2019-02-13 22:45:00
Champions_League,2019-02-13 21:00:00,2019-02-13 22:45:00
Champions_League,2019-02-19 21:00:00,2019-02-19 22:45:00
Champions_League,2019-02-19 21:00:00,2019-02-19 22:45:00
Champions_League,2019-02-20 21:00:00,2019-02-20 22:45:00
Champions_League,2019-02-20 21:00:00,2019-02-20 22:45:00
Champions_League,2019-03-05 21:00:00,2019-03-05 22:45:00
Champions_League,2019-03-05 21:00:00,2019-03-05 22:45:00
Champions_League,2019-03-06 21:00:00,2019-03-06 22:45:00
Champions_League,2019-03-06 21:00:00,2019-03-06 22:45:00
Champions_League,2019-03-12 21:00:00,2019-03-12 22:45:00
Champions_League,2019-03-12 21:00:00,2019-03-12 22:45:00
Champions_League,2019-03-13 21:00:00,2019-03-13 22:45:00
Champions_League,2019-03-13 21:00:00,2019-03-13 22:45:00
Champions_League,2019-04-09 21:00:00,2019-04-09 22:45:00
Champions_League,2019-04-09 21:00:00,2019-04-09 22:45:00
Champions_League,2019-04-10 21:00:00,2019-04-10 22:45:00
Champions_League,2019-04-10 21:00:00,2019-04-10 22:45:00
Champions_League,2019-04-16 21:00:00,2019-04-16 22:45:00
Champions_League,2019-04-16 21:00:00,2019-04-16 22:45:00
Champions_League,2019-04-17 21:00:00,2019-04-17 22:45:00
Champions_League,2019-04-17 21:00:00,2019-04-17 22:45:00
Champions_League,2019-04-30 21:00:00,2019-04-30 22:45:00
Champions_League,2019-05-01 21:00:00,2019-05-01 22:45:00
Champions_League,2019-05-07 21:00:00,2019-05-07 22:45:00
Champions_League,2019-05-08 21:00:00,2019-05-08 22:45:00
Champions_League,2019-06-01 21:00:00,2019-06-01 22:45:00
Champions_League,2019-07-09 15:00:00,2019-07-09 16:45:00
Champions_League,2019-07-09 16:00:00,2019-07-09 17:45:00
Champions_League,2019-07-09 18:00:00,2019-07-09 19:45:00
Champions_League,2019-07-09 18:00:00,2019-07-09 19:45:00
Champions_League,2019-07-09 19:45:00,2019-07-09 21:30:00
Champions_League,2019-07-09 20:00:00,2019-07-09 21:45:00
Champions_League,2019-07-09 20:00:00,2019-07-09 21:45:00
Champions_League,2019-07-09 20:00:00,2019-07-09 21:45:00
Champions_League,2019-07-10 17:30:00,2019-07-10 19:15:00
Champions_League,2019-07-10 17:30:00,2019-07-10 19:15:00
Champions_League,2019-07-10 19:00:00,2019-07-10 20:45:00
Champions_League,2019-07-10 19:00:00,2019-07-10 20:45:00
Champions_League,2019-07-10 20:00:00,2019-07-10 21:45:00
Champions_League,2019-07-10 20:15:00,2019-07-10 22:00:00
Champions_League,2019-07-10 20:45:00,2019-07-10 22:30:00
Champions_League,2019-07-10 20:45:00,2019-07-10 22:30:00
Champions_League,2019-07-10 22:00:00,2019-07-10 23:45:00
Champions_League,2019-07-16 17:00:00,2019-07-16 18:45:00
Champions_League,2019-07-16 19:30:00,2019-07-16 21:15:00
Champions_League,2019-07-16 20:00:00,2019-07-16 21:45:00
Champions_League,2019-07-16 20:00:00,2019-07-16 21:45:00
Champions_League,2019-07-16 20:45:00,2019-07-16 22:30:00
Champions_League,2019-07-16 20:45:00,2019-07-16 22:30:00
Champions_League,2019-07-17 18:30:00,2019-07-17 20:15:00
Champions_League,2019-07-17 19:00:00,2019-07-17 20:45:00
Champions_League,2019-07-17 19:00:00,2019-07-17 20:45:00
Champions_League,2019-07-17 19:00:00,2019-07-17 20:45:00
Champions_League,2019-07-17 19:00:00,2019-07-17 20:45:00
Champions_League,2019-07-17 19:30:00,2019-07-17 21:15:00
Champions_League,2019-07-17 20:00:00,2019-07-17 21:45:00
Champions_League,2019-07-17 20:00:00,2019-07-17 21:45:00
Champions_League,2019-07-17 20:15:00,2019-07-17 22:00:00
Champions_League,2019-07-17 20:15:00,2019-07-17 22:00:00
Champions_League,2019-07-17 20:45:00,2019-07-17 22:30:00
Champions_League,2019-07-23 19:00:00,2019-07-23 20:45:00
Champions_League,2019-07-23 19:30:00,2019-07-23 21:15:00
Champions_League,2019-07-23 20:00:00,2019-07-23 21:45:00
Champions_League,2019-07-23 20:00:00,2019-07-23 21:45:00
Champions_League,2019-07-23 20:15:00,2019-07-23 22:00:00
Champions_League,2019-07-24 19:00:00,2019-07-24 20:45:00
Champions_League,2019-07-24 20:00:00,2019-07-24 21:45:00
Champions_League,2019-07-24 20:00:00,2019-07-24 21:45:00
Champions_League,2019-07-24 20:15:00,2019-07-24 22:00:00
Champions_League,2019-07-24 20:45:00,2019-07-24 22:30:00
Champions_League,2019-07-24 20:45:00,2019-07-24 22:30:00
Champions_League,2019-07-24 20:45:00,2019-07-24 22:30:00
Champions_League,2019-07-30 19:00:00,2019-07-30 20:45:00
Champions_League,2019-07-30 19:00:00,2019-07-30 20:45:00
Champions_League,2019-07-30 19:00:00,2019-07-30 20:45:00
Champions_League,2019-07-30 20:00:00,2019-07-30 21:45:00
Champions_League,2019-07-30 20:00:00,2019-07-30 21:45:00
Champions_League,2019-07-30 20:00:00,2019-07-30 21:45:00
Champions_League,2019-07-30 20:30:00,2019-07-30 22:15:00
Champions_League,2019-07-31 18:00:00,2019-07-31 19:45:00
Champions_League,2019-07-31 19:00:00,2019-07-31 20:45:00
Champions_League,2019-07-31 19:00:00,2019-07-31 20:45:00
Champions_League,2019-07-31 19:00:00,2019-07-31 20:45:00
Champions_League,2019-07-31 19:45:00,2019-07-31 21:30:00
Champions_League,2019-08-06 19:00:00,2019-08-06 20:45:00
Champions_League,2019-08-06 19:00:00,2019-08-06 20:45:00
Champions_League,2019-08-06 20:00:00,2019-08-06 21:45:00
Champions_League,2019-08-06 20:30:00,2019-08-06 22:15:00
Champions_League,2019-08-06 20:30:00,2019-08-06 22:15:00
Champions_League,2019-08-06 20:45:00,2019-08-06 22:30:00
Champions_League,2019-08-07 19:00:00,2019-08-07 20:45:00
Champions_League,2019-08-07 19:45:00,2019-08-07 21:30:00
Champions_League,2019-08-07 20:00:00,2019-08-07 21:45:00
Champions_League,2019-08-07 20:00:00,2019-08-07 21:45:00
Champions_League,2019-08-07 20:15:00,2019-08-07 22:00:00
Champions_League,2019-08-13 18:30:00,2019-08-13 20:15:00
Champions_League,2019-08-13 19:00:00,2019-08-13 20:45:00
Champions_League,2019-08-13 19:30:00,2019-08-13 21:15:00
Champions_League,2019-08-13 19:30:00,2019-08-13 21:15:00
Champions_League,2019-08-13 20:00:00,2019-08-13 21:45:00
Champions_League,2019-08-13 20:00:00,2019-08-13 21:45:00
Champions_League,2019-08-13 20:30:00,2019-08-13 22:15:00
Champions_League,2019-08-13 20:30:00,2019-08-13 22:15:00
Champions_League,2019-08-13 20:30:00,2019-08-13 22:15:00
Champions_League,2019-08-13 20:45:00,2019-08-13 22:30:00
Champions_League,2019-08-13 21:00:00,2019-08-13 22:45:00
Champions_League,2019-08-20 21:00:00,2019-08-20 22:45:00
Champions_League,2019-08-20 21:00:00,2019-08-20 22:45:00
Champions_League,2019-08-20 21:00:00,2019-08-20 22:45:00
Champions_League,2019-08-21 21:00:00,2019-08-21 22:45:00
Champions_League,2019-08-21 21:00:00,2019-08-21 22:45:00
Champions_League,2019-08-21 21:00:00,2019-08-21 22:45:00
Champions_League,2019-08-27 21:00:00,2019-08-27 22:45:00
Champions_League,2019-08-27 21:00:00,2019-08-27 22:45:00
Champions_League,2019-08-27 21:00:00,2019-08-27 22:45:00
Champions_League,2019-08-28 21:00:00,2019-08-28 22:45:00
Champions_League,2019-08-28 21:00:00,2019-08-28 22:45:00
Champions_League,2019-08-28 21:00:00,2019-08-28 22:45:00
Champions_League,2019-09-17 18:55:00,2019-09-17 20:40:00
Champions_League,2019-09-17 18:55:00,2019-09-17 20:40:00
Champions_League,2019-09-17 21:00:00,2019-09-17 22:45:00
Champions_League,2019-09-17 21:00:00,2019-09-17 22:45:00
Champions_League,2019-09-17 21:00:00,2019-09-17 22:45:00
Champions_League,2019-09-17 21:00:00,2019-09-17 22:45:00
Champions_League,2019-09-17 21:00:00,2019-09-17 22:45:00
Champions_League,2019-09-17 21:00:00,2019-09-17 22:45:00
Champions_League,2019-09-18 18:55:00,2019-09-18 20:40:00
Champions_League,2019-09-18 18:55:00,2019-09-18 20:40:00
Champions_League,2019-09-18 21:00:00,2019-09-18 22:45:00
Champions_League,2019-09-18 21:00:00,2019-09-18 22:45:00
Champions_League,2019-09-18 21:00:00,2019-09-18 22:45:00
Champions_League,2019-09-18 21:00:00,2019-09-18 22:45:00
Champions_League,2019-09-18 21:00:00,2019-09-18 22:45:00
Champions_League,2019-09-18 21:00:00,2019-09-18 22:45:00
Champions_League,2019-10-01 18:55:00,2019-10-01 20:40:00
Champions_League,2019-10-01 18:55:00,2019-10-01 20:40:00
Champions_League,2019-10-01 21:00:00,2019-10-01 22:45:00
Champions_League,2019-10-01 21:00:00,2019-10-01 22:45:00
Champions_League,2019-10-01 21:00:00,2019-10-01 22:45:00
Champions_League,2019-10-01 21:00:00,2019-10-01 22:45:00
Champions_League,2019-10-01 21:00:00,2019-10-01 22:45:00
Champions_League,2019-10-01 21:00:00,2019-10-01 22:45:00
Champions_League,2019-10-02 18:55:00,2019-10-02 20:40:00
Champions_League,2019-10-02 18:55:00,2019-10-02 20:40:00
Champions_League,2019-10-02 21:00:00,2019-10-02 22:45:00
Champions_League,2019-10-02 21:00:00,2019-10-02 22:45:00
Champions_League,2019-10-02 21:00:00,2019-10-02 22:45:00
Champions_League,2019-10-02 21:00:00,2019-10-02 22:45:00
Champions_League,2019-10-02 21:00:00,2019-10-02 22:45:00
Champions_League,2019-10-02 21:00:00,2019-10-02 22:45:00
Champions_League,2019-10-22 18:55:00,2019-10-22 20:40:00
Champions_League,2019-10-22 18:55:00,2019-10-22 20:40:00
Champions_League,2019-10-22 21:00:00,2019-10-22 22:45:00
Champions_League,2019-10-22 21:00:00,2019-10-22 22:45:00
Champions_League,2019-10-22 21:00:00,2019-10-22 22:45:00
Champions_League,2019-10-22 21:00:00,2019-10-22 22:45:00
Champions_League,2019-10-22 21:00:00,2019-10-22 22:45:00
Champions_League,2019-10-22 21:00:00,2019-10-22 22:45:00
Champions_League,2019-10-23 18:55:00,2019-10-23 20:40:00
Champions_League,2019-10-23 18:55:00,2019-10-23 20:40:00
Champions_League,2019-10-23 21:00:00,2019-10-23 22:45:00
Champions_League,2019-10-23 21:00:00,2019-10-23 22:45:00
Champions_League,2019-10-23 21:00:00,2019-10-23 22:45:00
Champions_League,2019-10-23 21:00:00,2019-10-23 22:45:00
Champions_League,2019-10-23 21:00:00,2019-10-23 22:45:00
Champions_League,2019-10-23 21:00:00,2019-10-23 22:45:00
Champions_League,2019-11-05 18:55:00,2019-11-05 20:40:00
Champions_League,2019-11-05 18:55:00,2019-11-05 20:40:00
Champions_League,2019-11-05 21:00:00,2019-11-05 22:45:00
Champions_League,2019-11-05 21:00:00,2019-11-05 22:45:00
Champions_League,2019-11-05 21:00:00,2019-11-05 22:45:00
Champions_League,2019-11-05 21:00:00,2019-11-05 22:45:00
Champions_League,2019-11-05 21:00:00,2019-11-05 22:45:00
Champions_League,2019-11-05 21:00:00,2019-11-05 22:45:00
Champions_League,2019-11-06 18:55:00,2019-11-06 20:40:00
Champions_League,2019-11-06 18:55:00,2019-11-06 20:40:00
Champions_League,2019-11-06 21:00:00,2019-11-06 22:45:00
Champions_League,2019-11-06 21:00:00,2019-11-06 22:45:00
Champions_League,2019-11-06 21:00:00,2019-11-06 22:45:00
Champions_League,2019-11-06 21:00:00,2019-11-06 22:45:00
Champions_League,2019-11-06 21:00:00,2019-11-06 22:45:00
Champions_League,2019-11-06 21:00:00,2019-11-06 22:45:00
Champions_League,2019-11-26 18:55:00,2019-11-26 20:40:00
Champions_League,2019-11-26 18:55:00,2019-11-26 20:40:00
Champions_League,2019-11-26 21:00:00,2019-11-26 22:45:00
Champions_League,2019-11-26 21:00:00,2019-11-26 22:45:00
Champions_League,2019-11-26 21:00:00,2019-11-26 22:45:00
Champions_League,2019-11-26 21:00:00,2019-11-26 22:45:00
Champions_League,2019-11-26 21:00:00,2019-11-26 22:45:00
Champions_League,2019-11-26 21:00:00,2019-11-26 22:45:00
Champions_League,2019-11-27 18:55:00,2019-11-27 20:40:00
Champions_League,2019-11-27 18:55:00,2019-11-27 20:40:00
Champions_League,2019-11-27 21:00:00,2019-11-27 22:45:00
Champions_League,2019-11-27 21:00:00,2019-11-27 22:45:00
Champions_League,2019-11-27 21:00:00,2019-11-27 22:45:00
Champions_League,2019-11-27 21:00:00,2019-11-27 22:45:00
Champions_League,2019-11-27 21:00:00,2019-11-27 22:45:00
Champions_League,2019-11-27 21:00:00,2019-11-27 22:45:00
Champions_League,2019-12-10 18:55:00,2019-12-10 20:40:00
Champions_League,2019-12-10 18:55:00,2019-12-10 20:40:00
Champions_League,2019-12-10 21:00:00,2019-12-10 22:45:00
Champions_League,2019-12-10 21:00:00,2019-12-10 22:45:00
Champions_League,2019-12-10 21:00:00,2019-12-10 22:45:00
Champions_League,2019-12-10 21:00:00,2019-12-10 22:45:00
Champions_League,2019-12-10 21:00:00,2019-12-10 22:45:00
Champions_League,2019-12-10 21:00:00,2019-12-10 22:45:00
Champions_League,2019-12-11 18:55:00,2019-12-11 20:40:00
Champions_League,2019-12-11 18:55:00,2019-12-11 20:40:00
Champions_League,2019-12-11 21:00:00,2019-12-11 22:45:00
Champions_League,2019-12-11 21:00:00,2019-12-11 22:45:00
Champions_League,2019-12-11 21:00:00,2019-12-11 22:45:00
Champions_League,2019-12-11 21:00:00,2019-12-11 22:45:00
Champions_League,2019-12-11 21:00:00,2019-12-11 22:45:00
Champions_League,2019-12-11 21:00:00,2019-12-11 22:45:00
Champions_League,2020-02-18 21:00:00,2020-02-18 22:45:00
Champions_League,2020-02-18 21:00:00,2020-02-18 22:45:00
Champions_League,2020-02-19 21:00:00,2020-02-19 22:45:00
Champions_League,2020-02-19 21:00:00,2020-02-19 22:45:00
Champions_League,2020-02-25 21:00:00,2020-02-25 22:45:00
Champions_League,2020-02-25 21:00:00,2020-02-25 22:45:00
Champions_League,2020-02-26 21:00:00,2020-02-26 22:45:00
Champions_League,2020-02-26 21:00:00,2020-02-26 22:45:00
Champions_League,2020-03-10 21:00:00,2020-03-10 22:45:00
Champions_League,2020-03-10 21:00:00,2020-03-10 22:45:00
Champions_League,2020-03-11 21:00:00,2020-03-11 22:45:00
Champions_League,2020-03-11 21:00:00,2020-03-11 22:45:00
Champions_League,2020-03-17 21:00:00,2020-03-17 22:45:00
Champions_League,2020-03-17 21:00:00,2020-03-17 22:45:00
Champions_League,2020-03-18 21:00:00,2020-03-18 22:45:00
Champions_League,2020-03-18 21:00:00,2020-03-18 22:45:00
Champions_League,2020-08-07 21:00:00,2020-08-07 22:45:00
Champions_League,2020-08-07 21:00:00,2020-08-07 22:45:00
Champions_League,2020-08-08 21:00:00,2020-08-08 22:45:00
Champions_League,2020-08-08 21:00:00,2020-08-08 22:45:00
Champions_League,2020-08-12 21:00:00,2020-08-12 22:45:00
Champions_League,2020-08-13 21:00:00,2020-08-13 22:45:00
Champions_League,2020-08-14 21:00:00,2020-08-14 22:45:00
Champions_League,2020-08-15 21:00:00,2020-08-15 22:45:00
Champions_League,2020-08-18 18:00:00,2020-08-18 19:45:00
Champions_League,2020-08-18 19:00:00,2020-08-18 20:45:00
Champions_League,2020-08-18 20:00:00,2020-08-18 21:45:00
Champions_League,2020-08-18 20:45:00,2020-08-18 22:30:00
Champions_League,2020-08-18 21:00:00,2020-08-18 22:45:00
Champions_League,2020-08-18 21:00:00,2020-08-18 22:45:00
Champions_League,2020-08-19 17:00:00,2020-08-19 18:45:00
Champions_League,2020-08-19 18:00:00,2020-08-19 19:45:00
Champions_League,2020-08-19 18:30:00,2020-08-19 20:15:00
Champions_League,2020-08-19 19:00:00,2020-08-19 20:45:00
Champions_League,2020-08-19 19:00:00,2020-08-19 20:45:00
Champions_League,2020-08-19 19:00:00,2020-08-19 20:45:00
Champions_League,2020-08-19 19:00:00,2020-08-19 20:45:00
Champions_League,2020-08-19 20:00:00,2020-08-19 21:45:00
Champions_League,2020-08-19 20:00:00,2020-08-19 21:45:00
Champions_League,2020-08-19 20:00:00,2020-08-19 21:45:00
Champions_League,2020-08-19 21:00:00,2020-08-19 22:45:00
Champions_League,2020-08-19 21:00:00,2020-08-19 22:45:00
Champions_League,2020-08-21 18:00:00,2020-08-21 19:45:00
Champions_League,2020-08-23 21:00:00,2020-08-23 22:45:00
Champions_League,2020-08-25 20:00:00,2020-08-25 21:45:00
Champions_League,2020-08-25 20:00:00,2020-08-25 21:45:00
Champions_League,2020-08-26 16:30:00,2020-08-26 18:15:00
Champions_League,2020-08-26 18:00:00,2020-08-26 19:45:00
Champions_League,2020-08-26 18:00:00,2020-08-26 19:45:00
Champions_League,2020-08-26 18:00:00,2020-08-26 19:45:00
Champions_League,2020-08-26 19:00:00,2020-08-26 20:45:00
Champions_League,2020-08-26 19:30:00,2020-08-26 21:15:00
Champions_League,2020-08-26 20:00:00,2020-08-26 21:45:00
Champions_League,2020-08-26 20:00:00,2020-08-26 21:45:00
Champions_League,2020-08-26 20:00:00,2020-08-26 21:45:00
Champions_League,2020-08-26 20:15:00,2020-08-26 22:00:00
Champions_League,2020-08-26 20:45:00,2020-08-26 22:30:00
Champions_League,2020-09-15 19:00:00,2020-09-15 20:45:00
Champions_League,2020-09-15 20:00:00,2020-09-15 21:45:00
Champions_League,2020-09-15 20:30:00,2020-09-15 22:15:00
Champions_League,2020-09-16 17:00:00,2020-09-16 18:45:00
Champions_League,2020-09-16 19:00:00,2020-09-16 20:45:00
Champions_League,2020-09-16 19:00:00,2020-09-16 20:45:00
Champions_League,2020-09-16 19:00:00,2020-09-16 20:45:00
Champions_League,2020-09-16 20:30:00,2020-09-16 22:15:00
Champions_League,2020-09-22 21:00:00,2020-09-22 22:45:00
Champions_League,2020-09-22 21:00:00,2020-09-22 22:45:00
Champions_League,2020-09-22 21:00:00,2020-09-22 22:45:00
Champions_League,2020-09-23 21:00:00,2020-09-23 22:45:00
Champions_League,2020-09-23 21:00:00,2020-09-23 22:45:00
Champions_League,2020-09-23 21:00:00,2020-09-23 22:45:00
Champions_League,2020-09-29 21:00:00,2020-09-29 22:45:00
Champions_League,2020-09-29 21:00:00,2020-09-29 22:45:00
Champions_League,2020-09-29 21:00:00,2020-09-29 22:45:00
Champions_League,2020-09-30 21:00:00,2020-09-30 22:45:00
Champions_League,2020-09-30 21:00:00,2020-09-30 22:45:00
Champions_League,2020-09-30 21:00:00,2020-09-30 22:45:00
Champions_League,2020-10-20 18:55:00,2020-10-20 20:40:00
Champions_League,2020-10-20 18:55:00,2020-10-20 20:40:00
Champions_League,2020-10-20 21:00:00,2020-10-20 22:45:00
Champions_League,2020-10-20 21:00:00,2020-10-20 22:45:00
Champions_League,2020-10-20 21:00:00,2020-10-20 22:45:00
Champions_League,2020-10-20 21:00:00,2020-10-20 22:45:00
Champions_League,2020-10-20 21:00:00,2020-10-20 22:45:00
Champions_League,2020-10-20 21:00:00,2020-10-20 22:45:00
Champions_League,2020-10-21 18:55:00,2020-10-21 20:40:00
Champions_League,2020-10-21 18:55:00,2020-10-21 20:40:00
Champions_League,2020-10-21 21:00:00,2020-10-21 22:45:00
Champions_League,2020-10-21 21:00:00,2020-10-21 22:45:00
Champions_League,2020-10-21 21:00:00,2020-10-21 22:45:00
Champions_League,2020-10-21 21:00:00,2020-10-21 22:45:00
Champions_League,2020-10-21 21:00:00,2020-10-21 22:45:00
Champions_League,2020-10-21 21:00:00,2020-10-21 22:45:00
Champions_League,2020-10-27 18:55:00,2020-10-27 20:40:00
Champions_League,2020-10-27 18:55:00,2020-10-27 20:40:00
Champions_League,2020-10-27 21:00:00,2020-10-27 22:45:00
Champions_League,2020-10-27 21:00:00,2020-10-27 22:45:00
Champions_League,2020-10-27 21:00:00,2020-10-27 22:45:00
Champions_League,2020-10-27 21:00:00,2020-10-27 22:45:00
Champions_League,2020-10-27 21:00:00,2020-10-27 22:45:00
Champions_League,2020-10-27 21:00:00,2020-10-27 22:45:00
Champions_League,2020-10-28 18:55:00,2020-10-28 20:40:00
Champions_League,2020-10-28 18:55:00,2020-10-28 20:40:00
Champions_League,2020-10-28 21:00:00,2020-10-28 22:45:00
Champions_League,2020-10-28 21:00:00,2020-10-28 22:45:00
Champions_League,2020-10-28 21:00:00,2020-10-28 22:45:00
Champions_League,2020-10-28 21:00:00,2020-10-28 22:45:00
Champions_League,2020-10-28 21:00:00,2020-10-28 22:45:00
Champions_League,2020-10-28 21:00:00,2020-10-28 22:45:00
Champions_League,2020-11-03 18:55:00,2020-11-03 20:40:00
Champions_League,2020-11-03 18:55:00,2020-11-03 20:40:00
Champions_League,2020-11-03 21:00:00,2020-11-03 22:45:00
Champions_League,2020-11-03 21:00:00,2020-11-03 22:45:00
Champions_League,2020-11-03 21:00:00,2020-11-03 22:45:00
Champions_League,2020-11-03 21:00:00,2020-11-03 22:45:00
Champions_League,2020-11-03 21:00:00,2020-11-03 22:45:00
Champions_League,2020-11-03 21:00:00,2020-11-03 22:45:00
Champions_League,2020-11-04 18:55:00,2020-11-04 20:40:00
Champions_League,2020-11-04 18:55:00,2020-11-04 20:40:00
Champions_League,2020-11-04 21:00:00,2020-11-04 22:45:00
Champions_League,2020-11-04 21:00:00,2020-11-04 22:45:00
Champions_League,2020-11-04 21:00:00,2020-11-04 22:45:00
Champions_League,2020-11-04 21:00:00,2020-11-04 22:45:00
Champions_League,2020-11-04 21:00:00,2020-11-04 22:45:00
Champions_League,2020-11-04 21:00:00,2020-11-04 22:45:00
Champions_League,2020-11-24 18:55:00,2020-11-24 20:40:00
Champions_League,2020-11-24 18:55:00,2020-11-24 20:40:00
Champions_League,2020-11-24 21:00:00,2020-11-24 22:45:00
Champions_League,2020-11-24 21:00:00,2020-11-24 22:45:00
Champions_League,2020-11-24 21:00:00,2020-11-24 22:45:00
Champions_League,2020-11-24 21:00:00,2020-11-24 22:45:00
Champions_League,2020-11-24 21:00:00,2020-11-24 22:45:00
Champions_League,2020-11-24 21:00:00,2020-11-24 22:45:00
Champions_League,2020-11-25 18:55:00,2020-11-25 20:40:00
Champions_League,2020-11-25 18:55:00,2020-11-25 20:40:00
Champions_League,2020-11-25 21:00:00,2020-11-25 22:45:00
Champions_League,2020-11-25 21:00:00,2020-11-25 22:45:00
Champions_League,2020-11-25 21:00:00,2020-11-25 22:45:00
Champions_League,2020-11-25 21:00:00,2020-11-25 22:45:00
Champions_League,2020-11-25 21:00:00,2020-11-25 22:45:00
Champions_League,2020-11-25 21:00:00,2020-11-25 22:45:00
Champions_League,2020-12-01 18:55:00,2020-12-01 20:40:00
Champions_League,2020-12-01 18:55:00,2020-12-01 20:40:00
Champions_League,2020-12-01 21:00:00,2020-12-01 22:45:00
Champions_League,2020-12-01 21:00:00,2020-12-01 22:45:00
Champions_League,2020-12-01 21:00:00,2020-12-01 22:45:00
Champions_League,2020-12-01 21:00:00,2020-12-01 22:45:00
Champions_League,2020-12-01 21:00:00,2020-12-01 22:45:00
Champions_League,2020-12-01 21:00:00,2020-12-01 22:45:00
Champions_League,2020-12-02 18:55:00,2020-12-02 20:40:00
Champions_League,2020-12-02 18:55:00,2020-12-02 20:40:00
Champions_League,2020-12-02 21:00:00,2020-12-02 22:45:00
Champions_League,2020-12-02 21:00:00,2020-12-02 22:45:00
Champions_League,2020-12-02 21:00:00,2020-12-02 22:45:00
Champions_League,2020-12-02 21:00:00,2020-12-02 22:45:00
Champions_League,2020-12-02 21:00:00,2020-12-02 22:45:00
Champions_League,2020-12-02 21:00:00,2020-12-02 22:45:00
Champions_League,2020-12-08 18:55:00,2020-12-08 20:40:00
Champions_League,2020-12-08 18:55:00,2020-12-08 20:40:00
Champions_League,2020-12-08 21:00:00,2020-12-08 22:45:00
Champions_League,2020-12-08 21:00:00,2020-12-08 22:45:00
Champions_League,2020-12-08 21:00:00,2020-12-08 22:45:00
Champions_League,2020-12-08 21:00:00,2020-12-08 22:45:00
Champions_League,2020-12-08 21:00:00,2020-12-08 22:45:00
Champions_League,2020-12-09 18:55:00,2020-12-09 20:40:00
Champions_League,2020-12-09 18:55:00,2020-12-09 20:40:00
Champions_League,2020-12-09 18:55:00,2020-12-09 20:40:00
Champions_League,2020-12-09 21:00:00,2020-12-09 22:45:00
Champions_League,2020-12-09 21:00:00,2020-12-09 22:45:00
Champions_League,2020-12-09 21:00:00,2020-12-09 22:45:00
Champions_League,2020-12-09 21:00:00,2020-12-09 22:45:00
Champions_League,2020-12-09 21:00:00,2020-12-09 22:45:00
Champions_League,2020-12-09 21:00:00,2020-12-09 22:45:00
Champions_League,2021-02-16 21:00:00,2021-02-16 22:45:00
Champions_League,2021-02-16 21:00:00,2021-02-16 22:45:00
Champions_League,2021-02-17 21:00:00,2021-02-17 22:45:00
Champions_League,2021-02-17 21:00:00,2021-02-17 22:45:00
Champions_League,2021-02-23 21:00:00,2021-02-23 22:45:00
Champions_League,2021-02-23 21:00:00,2021-02-23 22:45:00
Champions_League,2021-02-24 21:00:00,2021-02-24 22:45:00
Champions_League,2021-02-24 21:00:00,2021-02-24 22:45:00
Champions_League,2021-03-09 21:00:00,2021-03-09 22:45:00
Champions_League,2021-03-09 21:00:00,2021-03-09 22:45:00
Champions_League,2021-03-10 21:00:00,2021-03-10 22:45:00
Champions_League,2021-03-10 21:00:00,2021-03-10 22:45:00
Champions_League,2021-03-16 21:00:00,2021-03-16 22:45:00
Champions_League,2021-03-16 21:00:00,2021-03-16 22:45:00
Champions_League,2021-03-17 21:00:00,2021-03-17 22:45:00
Champions_League,2021-03-17 21:00:00,2021-03-17 22:45:00
Champions_League,2021-04-06 21:00:00,2021-04-06 22:45:00
Champions_League,2021-04-06 21:00:00,2021-04-06 22:45:00
Champions_League,2021-04-07 21:00:00,2021-04-07 22:45:00
Champions_League,2021-04-07 21:00:00,2021-04-07 22:45:00
Champions_League,2021-04-13 21:00:00,2021-04-13 22:45:00
Champions_League,2021-04-13 21:00:00,2021-04-13 22:45:00
Champions_League,2021-04-14 21:00:00,2021-04-14 22:45:00
Champions_League,2021-04-14 21:00:00,2021-04-14 22:45:00
Champions_League,2021-04-27 21:00:00,2021-04-27 22:45:00
Champions_League,2021-04-28 21:00:00,2021-04-28 22:45:00
Champions_League,2021-05-04 21:00:00,2021-05-04 22:45:00
Champions_League,2021-05-05 21:00:00,2021-05-05 22:45:00
Champions_League,2021-05-29 21:00:00,2021-05-29 22:45:00
Champions_League,2021-07-06 18:00:00,2021-07-06 19:45:00
Champions_League,2021-07-06 18:00:00,2021-07-06 19:45:00
Champions_League,2021-07-06 18:00:00,2021-07-06 19:45:00
Champions_League,2021-07-06 19:00:00,2021-07-06 20:45:00
Champions_League,2021-07-06 19:00:00,2021-07-06 20:45:00
Champions_League,2021-07-06 19:30:00,2021-07-06 21:15:00
Champions_League,2021-07-06 20:00:00,2021-07-06 21:45:00
Champions_League,2021-07-07 18:00:00,2021-07-07 19:45:00
Champions_League,2021-07-07 18:00:00,2021-07-07 19:45:00
Champions_League,2021-07-07 18:30:00,2021-07-07 20:15:00
Champions_League,2021-07-07 19:00:00,2021-07-07 20:45:00
Champions_League,2021-07-07 19:00:00,2021-07-07 20:45:00
Champions_League,2021-07-07 19:00:00,2021-07-07 20:45:00
Champions_League,2021-07-07 19:00:00,2021-07-07 20:45:00
Champions_League,2021-07-07 19:00:00,2021-07-07 20:45:00
Champions_League,2021-07-07 19:00:00,2021-07-07 20:45:00
Champions_League,2021-07-07 20:00:00,2021-07-07 21:45:00
Champions_League,2021-07-13 18:00:00,2021-07-13 19:45:00
Champions_League,2021-07-13 18:00:00,2021-07-13 19:45:00
Champions_League,2021-07-13 18:00:00,2021-07-13 19:45:00
Champions_League,2021-07-13 19:00:00,2021-07-13 20:45:00
Champions_League,2021-07-13 20:00:00,2021-07-13 21:45:00
Champions_League,2021-07-13 20:00:00,2021-07-13 21:45:00
Champions_League,2021-07-13 20:00:00,2021-07-13 21:45:00
Champions_League,2021-07-13 20:30:00,2021-07-13 22:15:00
Champions_League,2021-07-13 20:45:00,2021-07-13 22:30:00
Champions_League,2021-07-13 21:00:00,2021-07-13 22:45:00
Champions_League,2021-07-13 21:30:00,2021-07-13 23:15:00
Champions_League,2021-07-13 21:30:00,2021-07-13 23:15:00
Champions_League,2021-07-13 22:00:00,2021-07-13 23:45:00
Champions_League,2021-07-14 16:00:00,2021-07-14 17:45:00
Champions_League,2021-07-14 17:00:00,2021-07-14 18:45:00
Champions_League,2021-07-14 19:00:00,2021-07-14 20:45:00
Champions_League,2021-07-14 20:00:00,2021-07-14 21:45:00
Champions_League,2021-07-20 17:00:00,2021-07-20 18:45:00
Champions_League,2021-07-20 18:00:00,2021-07-20 19:45:00
Champions_League,2021-07-20 20:00:00,2021-07-20 21:45:00
Champions_League,2021-07-20 20:00:00,2021-07-20 21:45:00
Champions_League,2021-07-20 20:30:00,2021-07-20 22:15:00
Champions_League,2021-07-20 20:45:00,2021-07-20 22:30:00
Champions_League,2021-07-21 16:00:00,2021-07-21 17:45:00
Champions_League,2021-07-21 19:00:00,2021-07-21 20:45:00
Champions_League,2021-07-21 20:00:00,2021-07-21 21:45:00
Champions_League,2021-07-21 20:30:00,2021-07-21 22:15:00
Champions_League,2021-07-21 21:00:00,2021-07-21 22:45:00
Champions_League,2021-07-21 21:00:00,2021-07-21 22:45:00
Champions_League,2021-07-21 21:00:00,2021-07-21 22:45:00
Champions_League,2021-07-27 18:00:00,2021-07-27 19:45:00
Champions_League,2021-07-27 18:00:00,2021-07-27 19:45:00
Champions_League,2021-07-27 18:00:00,2021-07-27 19:45:00
Champions_League,2021-07-27 19:00:00,2021-07-27 20:45:00
Champions_League,2021-07-28 19:00:00,2021-07-28 20:45:00
Champions_League,2021-07-28 19:00:00,2021-07-28 20:45:00
Champions_League,2021-07-28 19:30:00,2021-07-28 21:15:00
Champions_League,2021-07-28 19:45:00,2021-07-28 21:30:00
Champions_League,2021-07-28 20:00:00,2021-07-28 21:45:00
Champions_League,2021-07-28 20:00:00,2021-07-28 21:45:00
Champions_League,2021-07-28 20:15:00,2021-07-28 22:00:00
Champions_League,2021-07-28 20:30:00,2021-07-28 22:15:00
Champions_League,2021-07-28 20:30:00,2021-07-28 22:15:00
Champions_League,2021-08-03 19:00:00,2021-08-03 20:45:00
Champions_League,2021-08-03 19:00:00,2021-08-03 20:45:00
Champions_League,2021-08-03 20:00:00,2021-08-03 21:45:00
Champions_League,2021-08-03 20:00:00,2021-08-03 21:45:00
Champions_League,2021-08-03 20:00:00,2021-08-03 21:45:00
Champions_League,2021-08-03 21:00:00,2021-08-03 22:45:00
Champions_League,2021-08-03 21:00:00,2021-08-03 22:45:00
Champions_League,2021-08-04 19:00:00,2021-08-04 20:45:00
Champions_League,2021-08-04 20:00:00,2021-08-04 21:45:00
Champions_League,2021-08-04 20:00:00,2021-08-04 21:45:00
Champions_League,2021-08-10 19:00:00,2021-08-10 20:45:00
Champions_League,2021-08-10 19:00:00,2021-08-10 20:45:00
Champions_League,2021-08-10 19:30:00,2021-08-10 21:15:00
Champions_League,2021-08-10 20:00:00,2021-08-10 21:45:00
Champions_League,2021-08-10 20:00:00,2021-08-10 21:45:00
Champions_League,2021-08-10 20:00:00,2021-08-10 21:45:00
Champions_League,2021-08-10 20:30:00,2021-08-10 22:15:00
Champions_League,2021-08-10 21:00:00,2021-08-10 22:45:00
Champions_League,2021-08-10 21:00:00,2021-08-10 22:45:00
Champions_League,2021-08-10 21:00:00,2021-08-10 22:45:00
Champions_League,2021-08-17 21:00:00,2021-08-17 22:45:00
Champions_League,2021-08-17 21:00:00,2021-08-17 22:45:00
Champions_League,2021-08-17 21:00:00,2021-08-17 22:45:00
Champions_League,2021-08-18 21:00:00,2021-08-18 22:45:00
Champions_League,2021-08-18 21:00:00,2021-08-18 22:45:00
Champions_League,2021-08-18 21:00:00,2021-08-18 22:45:00
Champions_League,2021-08-24 21:00:00,2021-08-24 22:45:00
Champions_League,2021-08-24 21:00:00,2021-08-24 22:45:00
Champions_League,2021-08-24 21:00:00,2021-08-24 22:45:00
Champions_League,2021-08-25 21:00:00,2021-08-25 22:45:00
Champions_League,2021-08-25 21:00:00,2021-08-25 22:45:00
Champions_League,2021-08-25 21:00:00,2021-08-25 22:45:00
Champions_League,2021-09-14 18:45:00,2021-09-14 20:30:00
Champions_League,2021-09-14 18:45:00,2021-09-14 20:30:00
Champions_League,2021-09-14 21:00:00,2021-09-14 22:45:00
Champions_League,2021-09-14 21:00:00,2021-09-14 22:45:00
Champions_League,2021-09-14 21:00:00,2021-09-14 22:45:00
Champions_League,2021-09-14 21:00:00,2021-09-14 22:45:00
Champions_League,2021-09-14 21:00:00,2021-09-14 22:45:00
Champions_League,2021-09-14 21:00:00,2021-09-14 22:45:00
Champions_League,2021-09-15 18:45:00,2021-09-15 20:30:00
Champions_League,2021-09-15 18:45:00,2021-09-15 20:30:00
Champions_League,2021-09-15 21:00:00,2021-09-15 22:45:00
Champions_League,2021-09-15 21:00:00,2021-09-15 22:45:00
Champions_League,2021-09-15 21:00:00,2021-09-15 22:45:00
Champions_League,2021-09-15 21:00:00,2021-09-15 22:45:00
Champions_League,2021-09-15 21:00:00,2021-09-15 22:45:00
Champions_League,2021-09-15 21:00:00,2021-09-15 22:45:00
Champions_League,2021-09-28 18:45:00,2021-09-28 20:30:00
Champions_League,2021-09-28 18:45:00,2021-09-28 20:30:00
Champions_League,2021-09-28 21:00:00,2021-09-28 22:45:00
Champions_League,2021-09-28 21:00:00,2021-09-28 22:45:00
Champions_League,2021-09-28 21:00:00,2021-09-28 22:45:00
Champions_League,2021-09-28 21:00:00,2021-09-28 22:45:00
Champions_League,2021-09-28 21:00:00,2021-09-28 22:45:00
Champions_League,2021-09-28 21:00:00,2021-09-28 22:45:00
Champions_League,2021-09-29 18:45:00,2021-09-29 20:30:00
Champions_League,2021-09-29 18:45:00,2021-09-29 20:30:00
Champions_League,2021-09-29 21:00:00,2021-09-29 22:45:00
Champions_League,2021-09-29 21:00:00,2021-09-29 22:45:00
Champions_League,2021-09-29 21:00:00,2021-09-29 22:45:00
Champions_League,2021-09-29 21:00:00,2021-09-29 22:45:00
Champions_League,2021-09-29 21:00:00,2021-09-29 22:45:00
Champions_League,2021-09-29 21:00:00,2021-09-29 22:45:00
Champions_League,2021-10-19 18:45:00,2021-10-19 20:30:00
Champions_League,2021-10-19 18:45:00,2021-10-19 20:30:00
Champions_League,2021-10-19 21:00:00,2021-10-19 22:45:00
Champions_League,2021-10-19 21:00:00,2021-10-19 22:45:00
Champions_League,2021-10-19 21:00:00,2021-10-19 22:45:00
Champions_League,2021-10-19 21:00:00,2021-10-19 22:45:00
Champions_League,2021-10-19 21:00:00,2021-10-19 22:45:00
Champions_League,2021-10-19 21:00:00,2021-10-19 22:45:00
Champions_League,2021-10-20 18:45:00,2021-10-20 20:30:00
Champions_League,2021-10-20 18:45:00,2021-10-20 20:30:00
Champions_League,2021-10-20 21:00:00,2021-10-20 22:45:00
Champions_League,2021-10-20 21:00:00,2021-10-20 22:45:00
Champions_League,2021-10-20 21:00:00,2021-10-20 22:45:00
Champions_League,2021-10-20 21:00:00,2021-10-20 22:45:00
Champions_League,2021-10-20 21:00:00,2021-10-20 22:45:00
Champions_League,2021-10-20 21:00:00,2021-10-20 22:45:00
Champions_League,2021-11-02 18:45:00,2021-11-02 20:30:00
Champions_League,2021-11-02 18:45:00,2021-11-02 20:30:00
Champions_League,2021-11-02 21:00:00,2021-11-02 22:45:00
Champions_League,2021-11-02 21:00:00,2021-11-02 22:45:00
Champions_League,2021-11-02 21:00:00,2021-11-02 22:45:00
Champions_League,2021-11-02 21:00:00,2021-11-02 22:45:00
Champions_League,2021-11-02 21:00:00,2021-11-02 22:45:00
Champions_League,2021-11-02 21:00:00,2021-11-02 22:45:00
Champions_League,2021-11-03 18:45:00,2021-11-03 20:30:00
Champions_League,2021-11-03 18:45:00,2021-11-03 20:30:00
Champions_League,2021-11-03 21:00:00,2021-11-03 22:45:00
Champions_League,2021-11-03 21:00:00,2021-11-03 22:45:00
Champions_League,2021-11-03 21:00:00,2021-11-03 22:45:00
Champions_League,2021-11-03 21:00:00,2021-11-03 22:45:00
Champions_League,2021-11-03 21:00:00,2021-11-03 22:45:00
Champions_League,2021-11-03 21:00:00,2021-11-03 22:45:00
Champions_League,2021-11-23 18:45:00,2021-11-23 20:30:00
Champions_League,2021-11-23 18:45:00,2021-11-23 20:30:00
Champions_League,2021-11-23 21:00:00,2021-11-23 22:45:00
Champions_League,2021-11-23 21:00:00,2021-11-23 22:45:00
Champions_League,2021-11-23 21:00:00,2021-11-23 22:45:00
Champions_League,2021-11-23 21:00:00,2021-11-23 22:45:00
Champions_League,2021-11-23 21:00:00,2021-11-23 22:45:00
Champions_League,2021-11-23 21:00:00,2021-11-23 22:45:00
Champions_League,2021-11-24 18:45:00,2021-11-24 20:30:00
Champions_League,2021-11-24 18:45:00,2021-11-24 20:30:00
Champions_League,2021-11-24 21:00:00,2021-11-24 22:45:00
Champions_League,2021-11-24 21:00:00,2021-11-24 22:45:00
Champions_League,2021-11-24 21:00:00,2021-11-24 22:45:00
Champions_League,2021-11-24 21:00:00,2021-11-24 22:45:00
Champions_League,2021-11-24 21:00:00,2021-11-24 22:45:00
Champions_League,2021-11-24 21:00:00,2021-11-24 22:45:00
Champions_League,2021-12-07 18:45:00,2021-12-07 20:30:00
Champions_League,2021-12-07 18:45:00,2021-12-07 20:30:00
Champions_League,2021-12-07 21:00:00,2021-12-07 22:45:00
Champions_League,2021-12-07 21:00:00,2021-12-07 22:45:00
Champions_League,2021-12-07 21:00:00,2021-12-07 22:45:00
Champions_League,2021-12-07 21:00:00,2021-12-07 22:45:00
Champions_League,2021-12-07 21:00:00,2021-12-07 22:45:00
Champions_League,2021-12-07 21:00:00,2021-12-07 22:45:00
Champions_League,2021-12-08 18:45:00,2021-12-08 20:30:00
Champions_League,2021-12-08 18:45:00,2021-12-08 20:30:00
Champions_League,2021-12-08 21:00:00,2021-12-08 22:45:00
Champions_League,2021-12-08 21:00:00,2021-12-08 22:45:00
Champions_League,2021-12-08 21:00:00,2021-12-08 22:45:00
Champions_League,2021-12-08 21:00:00,2021-12-08 22:45:00
Champions_League,2021-12-08 21:00:00,2021-12-08 22:45:00
Champions_League,2021-12-09 19:00:00,2021-12-09 20:45:00
Champions_League,2022-02-15 21:00:00,2022-02-15 22:45:00
Champions_League,2022-02-15 21:00:00,2022-02-15 22:45:00
Champions_League,2022-02-16 21:00:00,2022-02-16 22:45:00
Champions_League,2022-02-16 21:00:00,2022-02-16 22:45:00
Champions_League,2022-02-22 21:00:00,2022-02-22 22:45:00
Champions_League,2022-02-22 21:00:00,2022-02-22 22:45:00
Champions_League,2022-02-23 21:00:00,2022-02-23 22:45:00
Champions_League,2022-02-23 21:00:00,2022-02-23 22:45:00
Champions_League,2022-03-08 21:00:00,2022-03-08 22:45:00
Champions_League,2022-03-08 21:00:00,2022-03-08 22:45:00
Champions_League,2022-03-09 21:00:00,2022-03-09 22:45:00
Champions_League,2022-03-09 21:00:00,2022-03-09 22:45:00
Champions_League,2022-03-15 21:00:00,2022-03-15 22:45:00
Champions_League,2022-03-15 21:00:00,2022-03-15 22:45:00
Champions_League,2022-03-16 21:00:00,2022-03-16 22:45:00
Champions_League,2022-03-16 21:00:00,2022-03-16 22:45:00
Champions_League,2022-04-05 21:00:00,2022-04-05 22:45:00
Champions_League,2022-04-05 21:00:00,2022-04-05 22:45:00
Champions_League,2022-04-06 21:00:00,2022-04-06 22:45:00
Champions_League,2022-04-06 21:00:00,2022-04-06 22:45:00
Champions_League,2022-04-12 21:00:00,2022-04-12 22:45:00
Champions_League,2022-04-12 21:00:00,2022-04-12 22:45:00
Champions_League,2022-04-13 21:00:00,2022-04-13 22:45:00
Champions_League,2022-04-13 21:00:00,2022-04-13 22:45:00
Champions_League,2022-04-26 21:00:00,2022-04-26 22:45:00
Champions_League,2022-04-27 21:00:00,2022-04-27 22:45:00
Champions_League,2022-05-03 21:00:00,2022-05-03 22:45:00
Champions_League,2022-05-04 21:00:00,2022-05-04 22:45:00
Champions_League,2022-05-28 21:36:00,2022-05-28 23:21:00
Champions_League,2022-07-05 18:00:00,2022-07-05 19:45:00
Champions_League,2022-07-05 19:00:00,2022-07-05 20:45:00
Champions_League,2022-07-05 19:00:00,2022-07-05 20:45:00
Champions_League,2022-07-05 19:45:00,2022-07-05 21:30:00
Champions_League,2022-07-05 20:00:00,2022-07-05 21:45:00
Champions_League,2022-07-05 20:00:00,2022-07-05 21:45:00
Champions_League,2022-07-05 20:00:00,2022-07-05 21:45:00
Champions_League,2022-07-05 20:30:00,2022-07-05 22:15:00
Champions_League,2022-07-05 20:45:00,2022-07-05 22:30:00
Champions_League,2022-07-06 16:00:00,2022-07-06 17:45:00
Champions_League,2022-07-06 18:00:00,2022-07-06 19:45:00
Champions_League,2022-07-06 18:00:00,2022-07-06 19:45:00
Champions_League,2022-07-06 19:30:00,2022-07-06 21:15:00
Champions_League,2022-07-06 20:00:00,2022-07-06 21:45:00
Champions_League,2022-07-06 20:15:00,2022-07-06 22:00:00
Champions_League,2022-07-06 20:30:00,2022-07-06 22:15:00
Champions_League,2022-07-12 02:00:00,2022-07-13 02:00:00
Champions_League,2022-07-12 17:30:00,2022-07-12 19:15:00
Champions_League,2022-07-12 18:00:00,2022-07-12 19:45:00
Champions_League,2022-07-12 18:00:00,2022-07-12 19:45:00
Champions_League,2022-07-12 18:00:00,2022-07-12 19:45:00
Champions_League,2022-07-12 19:00:00,2022-07-12 20:45:00
Champions_League,2022-07-12 20:00:00,2022-07-12 21:45:00
Champions_League,2022-07-12 20:00:00,2022-07-12 21:45:00
Champions_League,2022-07-12 21:00:00,2022-07-12 22:45:00
Champions_League,2022-07-12 21:30:00,2022-07-12 23:15:00
Champions_League,2022-07-13 19:00:00,2022-07-13 20:45:00
Champions_League,2022-07-13 19:00:00,2022-07-13 20:45:00
Champions_League,2022-07-13 19:00:00,2022-07-13 20:45:00
Champions_League,2022-07-13 20:00:00,2022-07-13 21:45:00
Champions_League,2022-07-13 20:30:00,2022-07-13 22:15:00
Champions_League,2022-07-13 20:45:00,2022-07-13 22:30:00
Champions_League,2022-07-19 02:00:00,2022-07-20 02:00:00
Champions_League,2022-07-18 21:00:00,2022-07-18 23:00:00
Champions_League,2022-07-19 02:00:00,2022-07-20 02:00:00
Champions_League,2022-07-19 02:00:00,2022-07-20 02:00:00
Champions_League,2022-07-19 18:00:00,2022-07-19 19:45:00
Champions_League,2022-07-19 18:00:00,2022-07-19 19:45:00
Champions_League,2022-07-19 18:00:00,2022-07-19 19:45:00
Champions_League,2022-07-19 19:45:00,2022-07-19 21:30:00
Champions_League,2022-07-19 19:45:00,2022-07-19 21:30:00
Champions_League,2022-07-19 20:45:00,2022-07-19 22:30:00
Champions_League,2022-07-19 21:00:00,2022-07-19 22:45:00
Champions_League,2022-07-20 18:00:00,2022-07-20 19:45:00
Champions_League,2022-07-20 19:00:00,2022-07-20 20:45:00
Champions_League,2022-07-20 20:00:00,2022-07-20 21:45:00
Champions_League,2022-07-20 20:00:00,2022-07-20 21:45:00
Champions_League,2022-07-20 20:15:00,2022-07-20 22:00:00
Champions_League,2022-07-26 17:30:00,2022-07-26 19:15:00
Champions_League,2022-07-26 19:00:00,2022-07-26 20:45:00
Champions_League,2022-07-26 19:00:00,2022-07-26 20:45:00
Champions_League,2022-07-26 19:30:00,2022-07-26 21:15:00
Champions_League,2022-07-26 21:00:00,2022-07-26 22:45:00
Champions_League,2022-07-26 21:00:00,2022-07-26 22:45:00
Champions_League,2022-07-27 18:00:00,2022-07-27 19:45:00
Champions_League,2022-07-27 19:00:00,2022-07-27 20:45:00
Champions_League,2022-07-27 19:00:00,2022-07-27 20:45:00
Champions_League,2022-07-27 19:00:00,2022-07-27 20:45:00
Champions_League,2022-07-27 20:30:00,2022-07-27 22:15:00
Champions_League,2022-07-27 21:00:00,2022-07-27 22:45:00
Champions_League,2022-08-02 19:00:00,2022-08-02 20:45:00
Champions_League,2022-08-02 19:45:00,2022-08-02 21:30:00
Champions_League,2022-08-02 20:00:00,2022-08-02 21:45:00
Champions_League,2022-08-02 20:45:00,2022-08-02 22:30:00
Champions_League,2022-08-02 21:00:00,2022-08-02 22:45:00
Champions_League,2022-08-03 18:00:00,2022-08-03 19:45:00
Champions_League,2022-08-03 18:00:00,2022-08-03 19:45:00
Champions_League,2022-08-03 19:00:00,2022-08-03 20:45:00
Champions_League,2022-08-03 20:00:00,2022-08-03 21:45:00
Champions_League,2022-08-03 20:45:00,2022-08-03 22:30:00
Champions_League,2022-08-09 18:00:00,2022-08-09 19:45:00
Champions_League,2022-08-09 19:00:00,2022-08-09 20:45:00
Champions_League,2022-08-09 19:00:00,2022-08-09 20:45:00
Champions_League,2022-08-09 19:00:00,2022-08-09 20:45:00
Champions_League,2022-08-09 19:45:00,2022-08-09 21:30:00
Champions_League,2022-08-09 20:00:00,2022-08-09 21:45:00
Champions_League,2022-08-09 20:00:00,2022-08-09 21:45:00
Champions_League,2022-08-09 20:30:00,2022-08-09 22:15:00
Champions_League,2022-08-09 20:30:00,2022-08-09 22:15:00
Champions_League,2022-08-09 20:45:00,2022-08-09 22:30:00
Champions_League,2022-08-16 21:00:00,2022-08-16 22:45:00
Champions_League,2022-08-16 21:00:00,2022-08-16 22:45:00
Champions_League,2022-08-16 21:00:00,2022-08-16 22:45:00
Champions_League,2022-08-17 18:45:00,2022-08-17 20:30:00
Champions_League,2022-08-17 21:00:00,2022-08-17 22:45:00
Champions_League,2022-08-17 21:00:00,2022-08-17 22:45:00
Champions_League,2022-08-23 21:00:00,2022-08-23 22:45:00
Champions_League,2022-08-23 21:00:00,2022-08-23 22:45:00
Champions_League,2022-08-23 21:00:00,2022-08-23 22:45:00
Champions_League,2022-08-24 21:00:00,2022-08-24 22:45:00
Champions_League,2022-08-24 21:00:00,2022-08-24 22:45:00
Champions_League,2022-08-24 21:00:00,2022-08-24 22:45:00
Champions_League,2022-09-06 18:45:00,2022-09-06 20:30:00
Champions_League,2022-09-06 18:45:00,2022-09-06 20:30:00
Champions_League,2022-09-06 21:00:00,2022-09-06 22:45:00
Champions_League,2022-09-06 21:00:00,2022-09-06 22:45:00
Champions_League,2022-09-06 21:00:00,2022-09-06 22:45:00
Champions_League,2022-09-06 21:00:00,2022-09-06 22:45:00
Champions_League,2022-09-06 21:00:00,2022-09-06 22:45:00
Champions_League,2022-09-06 21:00:00,2022-09-06 22:45:00
Champions_League,2022-09-07 18:45:00,2022-09-07 20:30:00
Champions_League,2022-09-07 18:45:00,2022-09-07 20:30:00
Champions_League,2022-09-07 21:00:00,2022-09-07 22:45:00
Champions_League,2022-09-07 21:00:00,2022-09-07 22:45:00
Champions_League,2022-09-07 21:00:00,2022-09-07 22:45:00
Champions_League,2022-09-07 21:00:00,2022-09-07 22:45:00
Champions_League,2022-09-07 21:00:00,2022-09-07 22:45:00
Champions_League,2022-09-07 21:00:00,2022-09-07 22:45:00
Champions_League,2022-09-13 18:45:00,2022-09-13 20:30:00
Champions_League,2022-09-13 18:45:00,2022-09-13 20:30:00
Champions_League,2022-09-13 21:00:00,2022-09-13 22:45:00
Champions_League,2022-09-13 21:00:00,2022-09-13 22:45:00
Champions_League,2022-09-13 21:00:00,2022-09-13 22:45:00
Champions_League,2022-09-13 21:00:00,2022-09-13 22:45:00
Champions_League,2022-09-13 21:00:00,2022-09-13 22:45:00
Champions_League,2022-09-14 18:45:00,2022-09-14 20:30:00
Champions_League,2022-09-14 18:45:00,2022-09-14 20:30:00
Champions_League,2022-09-14 21:00:00,2022-09-14 22:45:00
Champions_League,2022-09-14 21:00:00,2022-09-14 22:45:00
Champions_League,2022-09-14 21:00:00,2022-09-14 22:45:00
Champions_League,2022-09-14 21:00:00,2022-09-14 22:45:00
Champions_League,2022-09-14 21:00:00,2022-09-14 22:45:00
Champions_League,2022-09-14 21:00:00,2022-09-14 22:45:00
Champions_League,2022-09-14 21:00:00,2022-09-14 22:45:00
Champions_League,2022-10-04 18:45:00,2022-10-04 20:30:00
Champions_League,2022-10-04 19:00:00,2022-10-04 20:45:00
Champions_League,2022-10-04 21:00:00,2022-10-04 22:45:00
Champions_League,2022-10-04 21:00:00,2022-10-04 22:45:00
Champions_League,2022-10-04 21:00:00,2022-10-04 22:45:00
Champions_League,2022-10-04 21:00:00,2022-10-04 22:45:00
Champions_League,2022-10-04 21:00:00,2022-10-04 22:45:00
Champions_League,2022-10-04 21:00:00,2022-10-04 22:45:00
Champions_League,2022-10-05 18:45:00,2022-10-05 20:30:00
Champions_League,2022-10-05 18:45:00,2022-10-05 20:30:00
Champions_League,2022-10-05 21:00:00,2022-10-05 22:45:00
Champions_League,2022-10-05 21:00:00,2022-10-05 22:45:00
Champions_League,2022-10-05 21:00:00,2022-10-05 22:45:00
Champions_League,2022-10-05 21:00:00,2022-10-05 22:45:00
Champions_League,2022-10-05 21:00:00,2022-10-05 22:45:00
Champions_League,2022-10-05 21:00:00,2022-10-05 22:45:00
Champions_League,2022-10-11 18:45:00,2022-10-11 20:30:00
Champions_League,2022-10-11 18:45:00,2022-10-11 20:30:00
Champions_League,2022-10-11 21:00:00,2022-10-11 22:45:00
Champions_League,2022-10-11 21:00:00,2022-10-11 22:45:00
Champions_League,2022-10-11 21:00:00,2022-10-11 22:45:00
Champions_League,2022-10-11 21:00:00,2022-10-11 22:45:00
Champions_League,2022-10-11 21:00:00,2022-10-11 22:45:00
Champions_League,2022-10-11 21:00:00,2022-10-11 22:45:00
Champions_League,2022-10-12 18:45:00,2022-10-12 20:30:00
Champions_League,2022-10-12 18:45:00,2022-10-12 20:30:00
Champions_League,2022-10-12 21:00:00,2022-10-12 22:45:00
Champions_League,2022-10-12 21:00:00,2022-10-12 22:45:00
Champions_League,2022-10-12 21:00:00,2022-10-12 22:45:00
Champions_League,2022-10-12 21:00:00,2022-10-12 22:45:00
Champions_League,2022-10-12 21:00:00,2022-10-12 22:45:00
Champions_League,2022-10-12 21:00:00,2022-10-12 22:45:00
Champions_League,2022-10-25 18:45:00,2022-10-25 20:30:00
Champions_League,2022-10-25 18:45:00,2022-10-25 20:30:00
Champions_League,2022-10-25 21:00:00,2022-10-25 22:45:00
Champions_League,2022-10-25 21:00:00,2022-10-25 22:45:00
Champions_League,2022-10-25 21:00:00,2022-10-25 22:45:00
Champions_League,2022-10-25 21:00:00,2022-10-25 22:45:00
Champions_League,2022-10-25 21:00:00,2022-10-25 22:45:00
Champions_League,2022-10-25 21:00:00,2022-10-25 22:45:00
Champions_League,2022-10-26 18:45:00,2022-10-26 20:30:00
Champions_League,2022-10-26 18:45:00,2022-10-26 20:30:00
Champions_League,2022-10-26 21:00:00,2022-10-26 22:45:00
Champions_League,2022-10-26 21:00:00,2022-10-26 22:45:00
Champions_League,2022-10-26 21:00:00,2022-10-26 22:45:00
Champions_League,2022-10-26 21:00:00,2022-10-26 22:45:00
Champions_League,2022-10-26 21:00:00,2022-10-26 22:45:00
Champions_League,2022-10-26 21:00:00,2022-10-26 22:45:00
Champions_League,2022-11-01 18:45:00,2022-11-01 20:30:00
Champions_League,2022-11-01 18:45:00,2022-11-01 20:30:00
Champions_League,2022-11-01 21:00:00,2022-11-01 22:45:00
Champions_League,2022-11-01 21:00:00,2022-11-01 22:45:00
Champions_League,2022-11-01 21:00:00,2022-11-01 22:45:00
Champions_League,2022-11-01 21:00:00,2022-11-01 22:45:00
Champions_League,2022-11-01 21:00:00,2022-11-01 22:45:00
Champions_League,2022-11-01 21:00:00,2022-11-01 22:45:00
Champions_League,2022-11-02 18:45:00,2022-11-02 20:30:00
Champions_League,2022-11-02 18:45:00,2022-11-02 20:30:00
Champions_League,2022-11-02 21:00:00,2022-11-02 22:45:00
Champions_League,2022-11-02 21:00:00,2022-11-02 22:45:00
Champions_League,2022-11-02 21:00:00,2022-11-02 22:45:00
Champions_League,2022-11-02 21:00:00,2022-11-02 22:45:00
Champions_League,2022-11-02 21:00:00,2022-11-02 22:45:00
Champions_League,2022-11-02 21:00:00,2022-11-02 22:45:00
Champions_League,2023-02-14 21:00:00,2023-02-14 22:45:00
Champions_League,2023-02-14 21:00:00,2023-02-14 22:45:00
Champions_League,2023-02-15 21:00:00,2023-02-15 22:45:00
Champions_League,2023-02-15 21:00:00,2023-02-15 22:45:00
Champions_League,2023-02-21 21:00:00,2023-02-21 22:45:00
Champions_League,2023-02-21 21:00:00,2023-02-21 22:45:00
Champions_League,2023-02-22 21:00:00,2023-02-22 22:45:00
Champions_League,2023-02-22 21:00:00,2023-02-22 22:45:00
Champions_League,2023-03-07 21:00:00,2023-03-07 22:45:00
Champions_League,2023-03-07 21:10:00,2023-03-07 22:55:00
Champions_League,2023-03-08 21:00:00,2023-03-08 22:45:00
Champions_League,2023-03-08 21:10:00,2023-03-08 22:55:00
Champions_League,2023-03-14 21:00:00,2023-03-14 22:45:00
Champions_League,2023-03-14 21:00:00,2023-03-14 22:45:00
Champions_League,2023-03-15 21:00:00,2023-03-15 22:45:00
Champions_League,2023-03-15 21:00:00,2023-03-15 22:45:00
Champions_League,2023-04-11 21:00:00,2023-04-11 22:45:00
Champions_League,2023-04-11 21:00:00,2023-04-11 22:45:00
Champions_League,2023-04-12 21:00:00,2023-04-12 22:45:00
Champions_League,2023-04-12 21:00:00,2023-04-12 22:45:00
Champions_League,2023-04-18 21:00:00,2023-04-18 22:45:00
Champions_League,2023-04-18 21:00:00,2023-04-18 22:45:00
Champions_League,2023-04-19 21:00:00,2023-04-19 22:45:00
Champions_League,2023-04-19 21:00:00,2023-04-19 22:45:00
Champions_League,2023-05-09 21:00:00,2023-05-09 22:45:00
Champions_League,2023-05-10 21:00:00,2023-05-10 22:45:00
Champions_League,2023-05-16 21:00:00,2023-05-16 22:45:00
Champions_League,2023-05-17 21:00:00,2023-05-17 22:45:00
Champions_League,2023-06-10 16:00:00,2023-06-09 19:45:00
